START,STOP,PATIENT,ENCOUNTER,CODE,SYSTEM,DESCRIPTION,TYPE,CATEGORY,REACTION1,DESCRIPTION1,SEVERITY1,REACTION2,DESCRIPTION2,SEVERITY2
1967-04-28,,518b082b-1411-7d8d-9c86-bb6a90094ca1,88ee91d3-ec6c-5cff-a878-a681d7684ce9,84489001,SNOMED-CT,Mold (organism),allergy,environment,267101005,Nose running,MILD,,,
1938-02-08,,3d2bd7dd-aa77-e3c1-62e8-c2de28dcdf77,67dc6774-33a5-6774-6295-ccb7601ca696,782576004,SNOMED-CT,Tree pollen (substance),allergy,environment,,,,,,
1935-03-03,,6fe7b56b-57ac-7094-f3ec-956aeadd2fea,832c6523-d80e-b17e-599e-30cfcc3d08ab,1191,RxNorm,Aspirin,allergy,medication,21522001,Abdominal pain (finding),MODERATE,,,
1935-03-03,,6fe7b56b-57ac-7094-f3ec-956aeadd2fea,832c6523-d80e-b17e-599e-30cfcc3d08ab,442571000124108,SNOMED-CT,Tree nut (substance),allergy,food,39579001,Anaphylaxis (disorder),SEVERE,402387002,Allergic angioedema (disorder),MODERATE
