Id,START,STOP,PATIENT,ENCOUNTER,CODE,DESCRIPTION,REASONCODE,REASONDESCRIPTION
d86e0aac-67a0-fc8c-7660-2269a28a334b,2020-03-06,2020-03-06,d9937c56-f2e8-ff4a-4744-3c13a452514e,ba0f4cf5-7db6-cb9d-e50e-085867a8ec2b,736376001,Infectious disease care plan (record artifact),840544004,Suspected COVID-19
dfffbce8-8b3f-df14-ad52-ed447c68f46b,2020-03-06,2020-03-23,d9937c56-f2e8-ff4a-4744-3c13a452514e,ba0f4cf5-7db6-cb9d-e50e-085867a8ec2b,736376001,Infectious disease care plan (record artifact),840539006,COVID-19
2f998abe-6122-d648-296e-8cae7986bb30,2020-03-11,2020-03-11,2c30ddfd-0fa4-0e5d-1867-7c8b3a2b2a8f,d29067e3-e603-eb71-d3df-bdbd07985994,736376001,Infectious disease care plan (record artifact),840544004,Suspected COVID-19
c4411f69-fc6d-1654-8c3c-797541f71f1f,2020-03-11,2020-03-30,2c30ddfd-0fa4-0e5d-1867-7c8b3a2b2a8f,d29067e3-e603-eb71-d3df-bdbd07985994,736376001,Infectious disease care plan (record artifact),840539006,COVID-19
11c8fd44-69b2-e60a-4945-f1e2183a4c59,2021-01-10,2021-03-28,2c30ddfd-0fa4-0e5d-1867-7c8b3a2b2a8f,beb1bec3-6cbf-6438-ed08-13a0effc472b,53950000,Respiratory therapy,10509002,Acute bronchitis (disorder)
24194d8a-c525-8aed-d3a2-4c3a5006edfe,1991-03-21,,d4aa04c3-c6f0-49e8-61f7-d403a0fcb1f3,d015eedb-35db-c097-f96a-2fafe91518f3,718361005,Weight management program,,
1366297a-c4eb-ee33-bca5-f9005554ed26,2014-01-02,2014-02-09,d4aa04c3-c6f0-49e8-61f7-d403a0fcb1f3,39f7b11f-7fa9-2ecf-de12-e9eff0cd018f,91251008,Physical therapy procedure,44465007,Sprain of ankle
932e426f-658f-7d6c-d833-5ca2f57db429,2014-03-23,,c7a9ada6-bb83-b750-cd92-9a5407767458,049cc919-ef4b-3b8c-5ee1-59b0a2ea5752,276239002,Therapy (regime/therapy),,
c517488e-3232-54fc-4ffb-279fe8df02c6,2014-09-11,2015-04-23,d4aa04c3-c6f0-49e8-61f7-d403a0fcb1f3,c1aaab78-dd12-3c64-b48b-c9159ae187f5,134435003,Routine antenatal care,72892002,Normal pregnancy
1099497a-a776-9d74-6c45-ac8b1497ac67,2015-10-24,2015-12-14,c7a9ada6-bb83-b750-cd92-9a5407767458,8d411911-30ab-fd72-a844-7b3ffa640ef7,91251008,Physical therapy procedure,239720000,Tear of meniscus of knee
2782c6e4-971b-b032-2ff1-0a7051ed256e,2015-12-12,2016-02-25,c7a9ada6-bb83-b750-cd92-9a5407767458,d92a15bd-2f34-b613-0cc9-de3136663457,53950000,Respiratory therapy,10509002,Acute bronchitis (disorder)
22e30ee0-8eec-94cf-8328-000333fb8742,2016-02-25,,c7a9ada6-bb83-b750-cd92-9a5407767458,39299fd5-d0c6-a6af-f904-efb8fadf7274,412776001,Chronic obstructive pulmonary disease clinical management plan,87433001,Pulmonary emphysema (disorder)
e8c99fc4-d8c1-a752-7a78-400292e01bd5,2017-07-22,2017-08-01,c7a9ada6-bb83-b750-cd92-9a5407767458,0cfb7cb7-59a7-0df3-f6d4-e5a232a203fa,53950000,Respiratory therapy,10509002,Acute bronchitis (disorder)
b7779fb6-1287-a376-81c9-0577dc1ac967,2019-11-05,2019-12-15,c7a9ada6-bb83-b750-cd92-9a5407767458,50823924-aa81-6c08-4352-c90cb06db679,47387005,Head injury rehabilitation,62106007,Concussion with no loss of consciousness
f78980ba-c9c4-4e0a-b20d-eb279053ea2d,2020-03-13,2020-03-13,c7a9ada6-bb83-b750-cd92-9a5407767458,46464e4f-ac5f-a1a9-4ec9-b562835eda9f,736376001,Infectious disease care plan (record artifact),840544004,Suspected COVID-19
e4aa1eba-f83d-58ca-186d-f2a7e16397af,2020-03-13,2020-04-16,c7a9ada6-bb83-b750-cd92-9a5407767458,46464e4f-ac5f-a1a9-4ec9-b562835eda9f,736376001,Infectious disease care plan (record artifact),840539006,COVID-19
2af21d9a-0a3c-4d55-7ac9-11ca015bfcae,2017-02-08,2017-04-25,d4aa04c3-c6f0-49e8-61f7-d403a0fcb1f3,8ef6c54a-2195-05f6-08fb-ce581ecc3e71,91251008,Physical therapy procedure,444470001,Injury of anterior cruciate ligament
5aaae2ff-df77-d463-da26-be8ec79e03ef,2022-01-14,2022-02-05,c7a9ada6-bb83-b750-cd92-9a5407767458,1282f5ba-76a0-0aa0-deea-bbfaba5ca23b,225358003,Wound care,284549007,Laceration of hand
ba03be11-c6b6-dce2-13c4-98a91f720678,2020-03-07,2020-03-07,d4aa04c3-c6f0-49e8-61f7-d403a0fcb1f3,13a65a02-eb00-c605-3867-dccf66c25482,736376001,Infectious disease care plan (record artifact),840544004,Suspected COVID-19
a6517c84-72ed-3cea-692e-6c155205bf28,2020-03-07,2020-03-25,d4aa04c3-c6f0-49e8-61f7-d403a0fcb1f3,13a65a02-eb00-c605-3867-dccf66c25482,736376001,Infectious disease care plan (record artifact),840539006,COVID-19
8951f7f1-3d60-867e-0a41-108d3cacd663,1989-01-18,,5a724b2a-6bf3-44b4-d2e4-6bf60a0e5fea,d459510b-91cd-e5cf-07ad-e0976c062a5d,443402002,Lifestyle education regarding hypertension,59621000,Hypertension
65b679e8-7bdd-a897-d5b5-1187f230204c,2019-02-14,2019-03-06,5a724b2a-6bf3-44b4-d2e4-6bf60a0e5fea,f31218cd-f4d4-ba19-b752-6753113db873,225358003,Wound care,284551006,Laceration of foot
9793ce7a-032e-ad9d-509d-65b75eed977a,2022-02-18,2022-03-17,5a724b2a-6bf3-44b4-d2e4-6bf60a0e5fea,3cb88a5b-18ef-c67c-7f55-e6a4ea7109be,225358003,Wound care,283385000,Laceration of thigh
ffd1146d-d9ea-1fcd-7372-f657eabf9969,1973-02-24,,924ad57a-ffbb-960f-5ea7-69373551a3df,66133bc5-ce0d-e031-a9a6-65ca58046b5d,718361005,Weight management program,,
1fdd7972-620b-150b-bd14-0a033a47395b,1978-02-25,,924ad57a-ffbb-960f-5ea7-69373551a3df,dfcb799c-740f-2cd4-0afe-9b85a640e3dd,443402002,Lifestyle education regarding hypertension,59621000,Hypertension
853b0867-6ca7-bad5-48af-26f266de5b36,1998-01-24,,924ad57a-ffbb-960f-5ea7-69373551a3df,e571b8c2-221c-7d83-fd55-b659cb556f47,698360004,Diabetes self management plan,15777000,Prediabetes
30883f58-535c-38c7-a919-c1f3a2679e4e,2018-07-25,2018-09-17,924ad57a-ffbb-960f-5ea7-69373551a3df,b9842886-a2a9-8a43-508b-21b6e4e9a92f,47387005,Head injury rehabilitation,62106007,Concussion with no loss of consciousness
6a364c04-7de5-624f-2a64-1cfc6a10d0ce,2018-12-01,,924ad57a-ffbb-960f-5ea7-69373551a3df,1e758399-982c-2468-6e6d-8d948a09ec90,736285004,Hyperlipidemia clinical management plan,55822004,Hyperlipidemia
3ce68fe7-18b4-90fe-5e86-544509fdc313,2020-03-07,2020-03-07,924ad57a-ffbb-960f-5ea7-69373551a3df,e3fd7019-9cfa-36aa-df76-6c189a776bcb,736376001,Infectious disease care plan (record artifact),840544004,Suspected COVID-19
95345bc2-dcb5-ed43-5371-eb1652d26602,2020-03-07,2020-04-13,924ad57a-ffbb-960f-5ea7-69373551a3df,e3fd7019-9cfa-36aa-df76-6c189a776bcb,736376001,Infectious disease care plan (record artifact),840539006,COVID-19
97d7bb6a-aeb1-afc3-11a2-8d067f90c5f4,1992-02-16,,bbc21ce5-eeeb-a9fd-d05f-3c8abf907ef0,e27725e0-a141-4743-9579-ff64bf0e0aa0,443402002,Lifestyle education regarding hypertension,59621000,Hypertension
2e75bf50-8435-3869-ece1-f94475a18afe,2019-07-21,,bbc21ce5-eeeb-a9fd-d05f-3c8abf907ef0,d1275900-6140-6e57-db39-92f8c1ca5790,698360004,Diabetes self management plan,15777000,Prediabetes
7a9deafe-5ccf-9690-7a61-2d244e930452,2020-03-07,2020-03-17,bbc21ce5-eeeb-a9fd-d05f-3c8abf907ef0,386a3fa0-69d8-f4d7-d3a1-bcbdd39751c9,736376001,Infectious disease care plan (record artifact),840544004,Suspected COVID-19
529432dc-2732-7759-957e-c23a3f14c179,1952-06-01,,8985f9c0-a635-d274-19f6-f67d79a6f036,33117dfd-915e-00bb-f0fb-8201f49d32b6,443402002,Lifestyle education regarding hypertension,59621000,Hypertension
09a13400-11a6-f4cc-e3ad-cae5e9465634,1960-01-21,1960-03-01,8985f9c0-a635-d274-19f6-f67d79a6f036,9905d04c-fa2f-5cc2-61b9-0c24aac24d3e,408869004,Musculoskeletal care,39848009,Whiplash injury to neck
67e61782-c247-1943-7954-052d649a98e5,1979-11-04,,8985f9c0-a635-d274-19f6-f67d79a6f036,a0c2c258-c661-04fb-8e11-254e0fac1081,698360004,Diabetes self management plan,15777000,Prediabetes
ac2f5688-863a-0eca-b185-7a127e24ce78,1983-01-02,,8985f9c0-a635-d274-19f6-f67d79a6f036,e98bbe67-ac79-8ebb-8e40-edf16b7b6182,408869004,Musculoskeletal care,239873007,Osteoarthritis of knee
62cac10b-76a4-1412-cfc6-fef0903c72f3,2013-06-02,,8985f9c0-a635-d274-19f6-f67d79a6f036,a4bc1e0d-875f-c91a-1b5a-0612bc1469c0,736285004,Hyperlipidemia clinical management plan,55822004,Hyperlipidemia
14ab5893-f763-9f9e-6cdc-53aadd5b1cfc,2015-02-18,2015-05-24,8985f9c0-a635-d274-19f6-f67d79a6f036,8d8dadad-2d00-3325-33f8-40f0516e5309,53950000,Respiratory therapy,10509002,Acute bronchitis (disorder)
95312673-55c5-6c49-7421-bfe5378a3f6e,2017-10-13,2018-06-10,8985f9c0-a635-d274-19f6-f67d79a6f036,768f1488-8c1e-93bc-cf31-8d39e0009017,53950000,Respiratory therapy,10509002,Acute bronchitis (disorder)
a974e272-f6c5-4b5b-6320-8098c73db506,2018-06-10,,8985f9c0-a635-d274-19f6-f67d79a6f036,6bb5e063-0add-59b3-ed17-e9a54f17c353,386257007,Demential management,26929004,Alzheimer's disease (disorder)
da0a799b-84c6-b8c0-7dae-61df41a40750,2019-03-02,2019-04-07,8985f9c0-a635-d274-19f6-f67d79a6f036,e1d3e6a0-4ab5-a5de-e0db-bd298ea5de85,91251008,Physical therapy procedure,70704007,Sprain of wrist
6c9f0169-dbab-ad67-ae85-8c8914c9c785,2020-03-07,2020-03-07,8985f9c0-a635-d274-19f6-f67d79a6f036,c424e336-bb20-2085-6cdb-dd07ed492e96,736376001,Infectious disease care plan (record artifact),840544004,Suspected COVID-19
16b24345-465a-bf09-9f06-df6b9908ac4e,1990-08-29,,ecbe9c84-07a0-5cc3-c81c-28e178090ac5,4ebb04a1-7585-784f-e3a9-e77b5af880cc,443402002,Lifestyle education regarding hypertension,59621000,Hypertension
6e8b5e91-e320-9f22-7925-c8320d70dd27,1994-09-21,,ecbe9c84-07a0-5cc3-c81c-28e178090ac5,05c756c7-e4ce-8df6-34f3-a46e0602e1aa,698360004,Diabetes self management plan,15777000,Prediabetes
71f7998f-e824-912d-ee94-48d2d1187da6,2020-02-28,2020-03-13,ecbe9c84-07a0-5cc3-c81c-28e178090ac5,6d521be1-b23c-2ee8-2838-b15ed1f5f918,736376001,Infectious disease care plan (record artifact),840544004,Suspected COVID-19
b61a3dee-0339-2059-c5e0-3d2f4c0d3069,1976-07-20,,83b256d4-6f01-aa11-0d94-154814d7cc50,c2058e04-5b47-8c13-6830-d396b987dfe1,443402002,Lifestyle education regarding hypertension,59621000,Hypertension
e2336f2e-d2be-5c9a-8262-465a902c1e8b,2020-08-08,2020-08-29,ecbe9c84-07a0-5cc3-c81c-28e178090ac5,f9b3f4f3-1b8f-af17-e95c-13c169c05833,225358003,Wound care,283385000,Laceration of thigh
f5463753-488e-5188-71e9-0234e1aa91b8,2010-09-09,,83b256d4-6f01-aa11-0d94-154814d7cc50,c3ca6e43-765c-f00c-8eaa-c8b936ca4354,408869004,Musculoskeletal care,239873007,Osteoarthritis of knee
2dc74a04-0433-7a25-3763-cd772d22e62b,2020-02-23,2020-02-23,83b256d4-6f01-aa11-0d94-154814d7cc50,b0eae2f3-dc19-9649-a3a3-0ccfd06de084,736376001,Infectious disease care plan (record artifact),840544004,Suspected COVID-19
8d6c9dc3-36cd-2ba8-3fa0-200d5fe6da62,1937-09-21,1938-03-13,46ac0866-df13-5f99-db5b-23503421e712,97e9b34b-b5d3-40f7-1b92-30951206263c,53950000,Respiratory therapy,10509002,Acute bronchitis (disorder)
42f416bf-ceda-2f61-7750-290f5bc3f440,1939-07-24,1939-08-31,46ac0866-df13-5f99-db5b-23503421e712,6f3a235b-2ddc-65e5-200d-d8a267be07f8,91251008,Physical therapy procedure,44465007,Sprain of ankle
4ae12f72-a8bb-e634-86ec-9ac77fd92103,1941-01-29,1941-03-30,46ac0866-df13-5f99-db5b-23503421e712,44ec9351-64a6-37b2-db74-29f20a041d50,53950000,Respiratory therapy,10509002,Acute bronchitis (disorder)
f48ecb63-3e68-6880-165c-4f403827e75e,1941-02-02,,46ac0866-df13-5f99-db5b-23503421e712,44ec9351-64a6-37b2-db74-29f20a041d50,718361005,Weight management program,,
7e6c40eb-9c91-21fb-f089-5fb34c246942,1953-08-14,1953-09-01,ed82232f-7507-83dc-87cf-9757061222aa,c22ecc6a-23e2-2bdf-edd0-191b3519c225,225358003,Wound care,283371005,Laceration of forearm
7d0c6c9f-1b3a-7c1a-02d1-067a7fc48e4b,1953-10-27,1956-06-10,ed82232f-7507-83dc-87cf-9757061222aa,1c70b49b-31c4-55ab-4fb1-600051d7bb40,53950000,Respiratory therapy,10509002,Acute bronchitis (disorder)
5cc4cf5a-009e-cb77-0640-d157baf9da23,1974-04-14,,15846df5-8772-d3f8-1c97-d8fddf7b4ca4,21da7ff3-df81-4aef-396b-f32ed8755153,698360004,Diabetes self management plan,15777000,Prediabetes
ef7bccaa-ebe8-c897-06bc-d0ef80a0e3d9,2010-05-19,2010-06-12,15846df5-8772-d3f8-1c97-d8fddf7b4ca4,0185cf18-38b0-5af4-297d-972190333eb9,408869004,Musculoskeletal care,39848009,Whiplash injury to neck
da59ff40-d83b-2425-3495-7d41b4a1f4e7,1961-12-20,,02005fbf-5575-2166-8d59-e0f21c2bc114,7a2167eb-3ff5-bb6b-7acc-d46dbad28ab2,699728000,Asthma self management,233678006,Childhood asthma
74e78e1c-f4d4-9c34-3a99-73968d302646,2003-12-23,,02005fbf-5575-2166-8d59-e0f21c2bc114,2a1b1c07-315b-f486-6736-53f2d98fae26,698360004,Diabetes self management plan,44054006,Diabetes
69e0d191-bf9c-6662-8c48-ad9ce4b16b69,2003-12-23,,02005fbf-5575-2166-8d59-e0f21c2bc114,561624d0-fec8-930a-d3c2-f9ddc88b5014,443402002,Lifestyle education regarding hypertension,59621000,Hypertension
2c22e1fb-b494-a636-5f19-67f931ae7022,2020-03-14,2020-03-14,02005fbf-5575-2166-8d59-e0f21c2bc114,a619c1ea-19bb-7604-6e10-8498dd55744f,736376001,Infectious disease care plan (record artifact),840544004,Suspected COVID-19
00da4ea8-3955-9387-8e8b-1c81d928f739,1952-06-01,,ae1ff158-a096-eaa1-7a63-e3c1030a0743,2af4a6eb-b121-37d5-d2fd-d30ce11d14b7,443402002,Lifestyle education regarding hypertension,59621000,Hypertension
34bed0e5-ada3-d534-8766-8e7f41a5cee7,1976-10-17,,ae1ff158-a096-eaa1-7a63-e3c1030a0743,8e1fcd6b-7930-55f0-367b-62f03b57db6b,698360004,Diabetes self management plan,15777000,Prediabetes
72b8d6f2-a89b-1ec3-f0da-b317c522704e,1995-04-16,,ae1ff158-a096-eaa1-7a63-e3c1030a0743,6cbbe2c0-364f-d3fc-dbae-db25513d1676,412776001,Chronic obstructive pulmonary disease clinical management plan,87433001,Pulmonary emphysema (disorder)
1c63d033-f4bf-7932-c7d9-4035cc7958dd,1999-09-03,2000-02-27,ae1ff158-a096-eaa1-7a63-e3c1030a0743,353ee49d-240d-7052-04ca-82af525208ec,53950000,Respiratory therapy,10509002,Acute bronchitis (disorder)
411e3357-b917-517c-1a96-52eeb25fd1c3,1967-04-28,,518b082b-1411-7d8d-9c86-bb6a90094ca1,88ee91d3-ec6c-5cff-a878-a681d7684ce9,384758001,Self-care interventions (procedure),,
5764d99c-3eb7-3aea-76db-f55b590c3489,1987-04-26,,518b082b-1411-7d8d-9c86-bb6a90094ca1,c7fc6e10-d986-5bb2-07db-8ee95de7c145,698360004,Diabetes self management plan,15777000,Prediabetes
e24f4a8e-dc50-ce53-9ac2-4a58f6e336f8,2004-07-08,2004-08-01,518b082b-1411-7d8d-9c86-bb6a90094ca1,223538b3-c3e5-6106-fe77-1ce15f049bce,53950000,Respiratory therapy,10509002,Acute bronchitis (disorder)
067512ef-4d8e-c043-b8ca-786b6337e73d,2005-08-01,,518b082b-1411-7d8d-9c86-bb6a90094ca1,98556d93-1e4c-703e-e631-87f721d62bc2,736252007,Cancer care plan,126906006,Neoplasm of prostate
c7d919a4-4f41-e16b-bd9f-8235a7093c81,2007-03-22,2007-05-30,518b082b-1411-7d8d-9c86-bb6a90094ca1,df73a545-918b-2864-13a2-68a752d47b72,385691007,Fracture care,263102004,Fracture subluxation of wrist
032054e0-d63f-f27f-1de8-e3c6d2d4619c,1938-01-18,,3d2bd7dd-aa77-e3c1-62e8-c2de28dcdf77,c32fe473-4c4b-842f-bd48-6c1ed0a0ca9a,711282006,Skin condition care,24079001,Atopic dermatitis
6932f9d4-2686-61b2-cec9-e7f0da20fc12,1938-02-08,,3d2bd7dd-aa77-e3c1-62e8-c2de28dcdf77,67dc6774-33a5-6774-6295-ccb7601ca696,384758001,Self-care interventions (procedure),,
ca7db687-0d65-3e5d-366a-ed26ad01bc29,1952-06-01,,3d2bd7dd-aa77-e3c1-62e8-c2de28dcdf77,b58284ca-6861-18e4-f6ad-e07c791b474b,443402002,Lifestyle education regarding hypertension,59621000,Hypertension
cb6793c5-de3f-569b-cf49-7ab72e09c7aa,1967-08-27,,3d2bd7dd-aa77-e3c1-62e8-c2de28dcdf77,8008f426-a89f-a5bb-9083-7844d5a3b328,698360004,Diabetes self management plan,15777000,Prediabetes
5845e9e3-0de5-8463-25dc-514b2d56394f,1975-10-12,,3d2bd7dd-aa77-e3c1-62e8-c2de28dcdf77,f357e155-1561-82c0-d25d-ffb4474e15f0,734163000,Care Plan,,
071cd8ae-512b-70bd-7cc3-df48199fedaa,1988-11-22,,3d2bd7dd-aa77-e3c1-62e8-c2de28dcdf77,da54f7f1-ac93-22e2-81d4-352b96d0464c,408869004,Musculoskeletal care,239873007,Osteoarthritis of knee
875c3cfb-4383-4acc-fc73-96d485f7fd25,1999-02-21,,3d2bd7dd-aa77-e3c1-62e8-c2de28dcdf77,51e5eac7-a049-06e6-5e08-ce0e81b1a3b8,736252007,Cancer care plan,126906006,Neoplasm of prostate
a74110d1-8025-f89a-837d-399bdb5f354f,2000-08-03,2001-03-04,3d2bd7dd-aa77-e3c1-62e8-c2de28dcdf77,aae4183c-b28a-3b3a-8f34-b7eccbca76dc,53950000,Respiratory therapy,10509002,Acute bronchitis (disorder)
f5fb1cb0-4cc4-fa42-cc2a-02db0fd0dceb,2002-12-26,2003-03-16,3d2bd7dd-aa77-e3c1-62e8-c2de28dcdf77,d8882f04-c422-89b9-2bdf-21199ea702cc,53950000,Respiratory therapy,10509002,Acute bronchitis (disorder)
842baaf5-3173-2721-a104-e8171ae48498,1997-07-22,,daeff584-63f3-2caa-a59a-becb111786d5,46eb2a50-ac58-6120-0784-e0452bf06046,698360004,Diabetes self management plan,44054006,Diabetes
3dcc3488-215f-15d3-790d-a00da4fcc480,2007-04-07,,daeff584-63f3-2caa-a59a-becb111786d5,08901b51-5648-bdbc-869f-d2f03b87453a,408869004,Musculoskeletal care,239872002,Osteoarthritis of hip
dc4d707c-eb72-fd4d-1ec2-20f51cfc5b5d,2020-03-06,2020-03-06,daeff584-63f3-2caa-a59a-becb111786d5,0d0c2fd2-6e1a-518e-6419-9dd934c05c3f,736376001,Infectious disease care plan (record artifact),840544004,Suspected COVID-19
db8c9263-f751-c7f2-e8e2-16c8b369caa3,2020-03-06,2020-03-31,daeff584-63f3-2caa-a59a-becb111786d5,0d0c2fd2-6e1a-518e-6419-9dd934c05c3f,736376001,Infectious disease care plan (record artifact),840539006,COVID-19
7dd9dbeb-9719-663f-45b4-6b6c8e37d1f1,2021-03-04,2021-03-26,daeff584-63f3-2caa-a59a-becb111786d5,8f0715ee-0770-9174-230d-3a1eda19c6a6,91251008,Physical therapy procedure,44465007,Sprain of ankle
dea24825-271e-eb66-136e-f3487ebd7cf2,1935-02-14,,6fe7b56b-57ac-7094-f3ec-956aeadd2fea,18af8ec6-c94f-a8e7-c6fb-834ab74bf56c,384758001,Self-care interventions (procedure),,
a41828e2-4c2d-ffa8-e405-627b9b9e532b,1982-05-02,,6fe7b56b-57ac-7094-f3ec-956aeadd2fea,c20c5d26-974f-58ee-92ff-c8a366e1f8c7,698360004,Diabetes self management plan,15777000,Prediabetes
f001ed2e-343e-d4f4-43cc-c2e805329553,1995-11-29,,6fe7b56b-57ac-7094-f3ec-956aeadd2fea,0cb427c8-787c-9794-87d5-e01152b975cd,734163000,Care plan (record artifact),55680006,Drug overdose
0d289047-1947-5718-bcce-359c7dce1566,2016-11-30,2017-10-15,6fe7b56b-57ac-7094-f3ec-956aeadd2fea,cadec0b2-f47d-2abf-ff44-905051ed1b1a,53950000,Respiratory therapy,10509002,Acute bronchitis (disorder)
97f1175f-11d0-c79c-4d12-1a99b89bc928,2017-01-17,2017-03-14,6fe7b56b-57ac-7094-f3ec-956aeadd2fea,04678db8-5ddf-f355-9a99-804765098c56,91251008,Physical therapy procedure,307731004,Injury of tendon of the rotator cuff of shoulder
c618179c-df6b-a7fb-a665-e97ad1517971,2020-03-11,2020-03-11,6fe7b56b-57ac-7094-f3ec-956aeadd2fea,64a4a99a-3808-0de6-74bb-b9fa5ef1a48d,736376001,Infectious disease care plan (record artifact),840544004,Suspected COVID-19
d22f7c6b-c953-0d95-701b-914d599968dd,1959-06-14,,3a9a5e6a-ea3a-5982-9d91-20b68b3d2518,8f1cf44b-7234-af4c-ba0d-ffd45f8f66e0,698360004,Diabetes self management plan,44054006,Diabetes
5ac52ac4-ae5a-7d47-f023-5c5d09ff9d4e,1959-06-14,,3a9a5e6a-ea3a-5982-9d91-20b68b3d2518,f0705787-a11e-c22d-d646-46f04c66869d,443402002,Lifestyle education regarding hypertension,59621000,Hypertension
a2d300ff-dd84-3c36-8b13-d54bd17da432,1980-03-03,,3a9a5e6a-ea3a-5982-9d91-20b68b3d2518,92abaafd-b2a3-2401-57e8-e8ce3075894b,408869004,Musculoskeletal care,201834006,Localized  primary osteoarthritis of the hand
d414006f-e50a-2a04-5e48-4cf4cd522341,1980-11-02,,3a9a5e6a-ea3a-5982-9d91-20b68b3d2518,e5c1a734-a876-a05a-9ca0-5d79202645f4,736285004,Hyperlipidemia clinical management plan,55822004,Hyperlipidemia
30f34851-4991-c999-e1f2-7cf2cc2bedab,2007-11-18,2007-12-09,3a9a5e6a-ea3a-5982-9d91-20b68b3d2518,a7c9df9e-e3ac-d2b3-b568-21cfc8161493,91251008,Physical therapy procedure,70704007,Sprain of wrist
61f06767-633f-0779-b2e6-e8d16b6cc2fe,2008-03-16,,3a9a5e6a-ea3a-5982-9d91-20b68b3d2518,f4d35f57-8228-1fc8-c151-ef1cafa7d46e,386257007,Demential management,26929004,Alzheimer's disease (disorder)
02aa6f93-a546-f16a-8083-94b9240bdbee,1952-06-01,,3350f289-152d-23de-6b1d-96ca37ba268c,9e592b5e-438d-9933-db0a-3a91c13d87e2,443402002,Lifestyle education regarding hypertension,59621000,Hypertension
9b92cbef-e5c2-8f07-4f54-807d93489637,1964-11-18,,3350f289-152d-23de-6b1d-96ca37ba268c,aa48c045-fd74-2df0-1e08-572dc9416fd9,735984001,Heart failure self management plan,88805009,Chronic congestive heart failure (disorder)
3e42f578-3bcb-3028-74e6-1faac2e9c1fb,1964-12-18,1965-08-15,3350f289-152d-23de-6b1d-96ca37ba268c,558af5a8-fd33-b1af-392a-8cb2e1514781,53950000,Respiratory therapy,10509002,Acute bronchitis (disorder)
ba48590a-2644-d060-18f5-a48b4b32fc84,1966-05-12,1966-05-14,3350f289-152d-23de-6b1d-96ca37ba268c,f3154de8-1aea-de9e-ebfe-bdb6d38ea696,736353004,Inpatient care plan (record artifact),88805009,Chronic congestive heart failure (disorder)
4436a851-98d5-9467-9685-8cb2b46da6ee,1960-06-02,,98c9bb2e-d16d-4f00-f0ff-977c95a9ba19,252cf402-aeb7-071a-b020-08e8385ab5b3,384758001,Self-care interventions (procedure),,
31f50baf-e718-ff16-2b1f-5a5ed158839d,1978-04-23,,98c9bb2e-d16d-4f00-f0ff-977c95a9ba19,cf079f8b-eb23-4db3-7504-93b57c2e3932,698360004,Diabetes self management plan,15777000,Prediabetes
9a25dd43-f253-44fd-92b1-c40bc70737ee,1990-06-03,,98c9bb2e-d16d-4f00-f0ff-977c95a9ba19,f74c7a09-d747-6e0d-1fe0-44789cceb6a7,736285004,Hyperlipidemia clinical management plan,55822004,Hyperlipidemia
