DATE,PATIENT,ENCOUNTER,CODE,DESCRIPTION,BASE_COST
2015-10-02T14:31:50Z,d9937c56-f2e8-ff4a-4744-3c13a452514e,fe25e74e-65ac-1080-9007-b391e8a1badc,140,Influenza  seasonal  injectable  preservative free,140.52
2018-01-19T14:31:50Z,d9937c56-f2e8-ff4a-4744-3c13a452514e,d42bdc31-e77f-5a96-a378-b10fa5bd5ad7,140,Influenza  seasonal  injectable  preservative free,140.52
2018-10-05T14:31:50Z,d9937c56-f2e8-ff4a-4744-3c13a452514e,5adb5bd9-01be-3a30-ad55-6e317633306f,140,Influenza  seasonal  injectable  preservative free,140.52
2021-07-23T14:31:50Z,d9937c56-f2e8-ff4a-4744-3c13a452514e,77b0bd2a-d653-6216-6cca-ad868d8db227,140,Influenza  seasonal  injectable  preservative free,140.52
2021-07-23T14:31:50Z,d9937c56-f2e8-ff4a-4744-3c13a452514e,77b0bd2a-d653-6216-6cca-ad868d8db227,52,Hep A  adult,140.52
2021-08-13T14:31:50Z,d9937c56-f2e8-ff4a-4744-3c13a452514e,4d725d07-d1b1-8dad-63ab-7968e2d3d24b,140,Influenza  seasonal  injectable  preservative free,140.52
2023-07-28T14:31:50Z,d9937c56-f2e8-ff4a-4744-3c13a452514e,3b175071-663e-528f-8b0d-ff79bd39f185,140,Influenza  seasonal  injectable  preservative free,140.52
2023-07-28T14:31:50Z,d9937c56-f2e8-ff4a-4744-3c13a452514e,3b175071-663e-528f-8b0d-ff79bd39f185,113,Td (adult) preservative free,140.52
2023-07-28T14:31:50Z,d9937c56-f2e8-ff4a-4744-3c13a452514e,3b175071-663e-528f-8b0d-ff79bd39f185,52,Hep A  adult,140.52
2014-03-02T21:23:03Z,2c30ddfd-0fa4-0e5d-1867-7c8b3a2b2a8f,7d789580-49a9-f62b-f04b-9a65b489a70f,140,Influenza  seasonal  injectable  preservative free,140.52
2014-08-31T21:23:03Z,2c30ddfd-0fa4-0e5d-1867-7c8b3a2b2a8f,8632f36b-7ce2-7d33-96e7-15ddfe114d72,83,Hep A  ped/adol  2 dose,140.52
2015-03-01T21:23:03Z,2c30ddfd-0fa4-0e5d-1867-7c8b3a2b2a8f,deba5711-508e-0a66-85cb-9ec1e1482f6c,140,Influenza  seasonal  injectable  preservative free,140.52
2016-02-28T21:23:03Z,2c30ddfd-0fa4-0e5d-1867-7c8b3a2b2a8f,890c7c79-002a-a6bf-d922-0435d5c28d94,140,Influenza  seasonal  injectable  preservative free,140.52
2017-03-05T21:23:03Z,2c30ddfd-0fa4-0e5d-1867-7c8b3a2b2a8f,41c79839-4295-ee1b-f921-39592c271ed3,21,varicella,140.52
2017-03-05T21:23:03Z,2c30ddfd-0fa4-0e5d-1867-7c8b3a2b2a8f,41c79839-4295-ee1b-f921-39592c271ed3,10,IPV,140.52
2017-03-05T21:23:03Z,2c30ddfd-0fa4-0e5d-1867-7c8b3a2b2a8f,41c79839-4295-ee1b-f921-39592c271ed3,140,Influenza  seasonal  injectable  preservative free,140.52
2017-03-05T21:23:03Z,2c30ddfd-0fa4-0e5d-1867-7c8b3a2b2a8f,41c79839-4295-ee1b-f921-39592c271ed3,20,DTaP,140.52
2017-03-05T21:23:03Z,2c30ddfd-0fa4-0e5d-1867-7c8b3a2b2a8f,41c79839-4295-ee1b-f921-39592c271ed3,03,MMR,140.52
2018-03-11T21:23:03Z,2c30ddfd-0fa4-0e5d-1867-7c8b3a2b2a8f,780ac0f0-21be-070f-7172-315d2ccce9b5,140,Influenza  seasonal  injectable  preservative free,140.52
2019-03-17T21:23:03Z,2c30ddfd-0fa4-0e5d-1867-7c8b3a2b2a8f,9cca61db-1787-a58f-6629-506afd76dfe3,140,Influenza  seasonal  injectable  preservative free,140.52
2020-03-22T21:23:03Z,2c30ddfd-0fa4-0e5d-1867-7c8b3a2b2a8f,efb3bf2e-dd71-a423-968c-e1781583985a,140,Influenza  seasonal  injectable  preservative free,140.52
2021-01-17T21:23:03Z,2c30ddfd-0fa4-0e5d-1867-7c8b3a2b2a8f,d180fa45-a1ee-e70e-9644-a06f3ce77c56,140,Influenza  seasonal  injectable  preservative free,140.52
2022-04-03T21:23:03Z,2c30ddfd-0fa4-0e5d-1867-7c8b3a2b2a8f,91283cb8-495b-03e5-0958-7532ec9d9965,140,Influenza  seasonal  injectable  preservative free,140.52
2023-04-09T21:23:03Z,2c30ddfd-0fa4-0e5d-1867-7c8b3a2b2a8f,fefbdc7b-52aa-b719-7379-9a73996f6fe3,115,Tdap,140.52
2023-04-09T21:23:03Z,2c30ddfd-0fa4-0e5d-1867-7c8b3a2b2a8f,fefbdc7b-52aa-b719-7379-9a73996f6fe3,140,Influenza  seasonal  injectable  preservative free,140.52
2023-04-09T21:23:03Z,2c30ddfd-0fa4-0e5d-1867-7c8b3a2b2a8f,fefbdc7b-52aa-b719-7379-9a73996f6fe3,62,HPV  quadrivalent,140.52
2023-04-09T21:23:03Z,2c30ddfd-0fa4-0e5d-1867-7c8b3a2b2a8f,fefbdc7b-52aa-b719-7379-9a73996f6fe3,114,meningococcal MCV4P,140.52
2014-02-13T05:13:42Z,c7a9ada6-bb83-b750-cd92-9a5407767458,91489d2a-c3bf-30d4-2aa6-155399e62b84,140,Influenza  seasonal  injectable  preservative free,140.52
2015-02-19T05:13:42Z,c7a9ada6-bb83-b750-cd92-9a5407767458,4f62894a-4873-1ff4-22aa-4e3c3736ece6,140,Influenza  seasonal  injectable  preservative free,140.52
2015-12-24T05:13:42Z,c7a9ada6-bb83-b750-cd92-9a5407767458,ed16698c-57a7-1f2a-6fc4-34d441db7d52,140,Influenza  seasonal  injectable  preservative free,140.52
2016-02-25T05:13:42Z,c7a9ada6-bb83-b750-cd92-9a5407767458,39299fd5-d0c6-a6af-f904-efb8fadf7274,140,Influenza  seasonal  injectable  preservative free,140.52
2017-03-02T05:13:42Z,c7a9ada6-bb83-b750-cd92-9a5407767458,08e5f897-f30f-c06e-09c1-14c983ab18dd,140,Influenza  seasonal  injectable  preservative free,140.52
2017-07-27T05:13:42Z,c7a9ada6-bb83-b750-cd92-9a5407767458,87b6c7ce-eb4e-d8af-0fc4-df5226c3e4c7,140,Influenza  seasonal  injectable  preservative free,140.52
2018-03-08T05:13:42Z,c7a9ada6-bb83-b750-cd92-9a5407767458,2864460f-2e55-88b7-e343-b78eff646b97,140,Influenza  seasonal  injectable  preservative free,140.52
2018-03-08T05:13:42Z,c7a9ada6-bb83-b750-cd92-9a5407767458,2864460f-2e55-88b7-e343-b78eff646b97,113,Td (adult) preservative free,140.52
2019-03-14T05:13:42Z,c7a9ada6-bb83-b750-cd92-9a5407767458,6f86c36d-555f-f0cd-e6c9-950aa274666f,140,Influenza  seasonal  injectable  preservative free,140.52
2020-03-19T05:13:42Z,c7a9ada6-bb83-b750-cd92-9a5407767458,19557081-22a3-75f6-9e30-db9f0d498563,140,Influenza  seasonal  injectable  preservative free,140.52
2016-06-23T14:41:24Z,d4aa04c3-c6f0-49e8-61f7-d403a0fcb1f3,f5137ee9-5299-836d-c8b8-30de2735133f,140,Influenza  seasonal  injectable  preservative free,140.52
2016-06-23T14:41:24Z,d4aa04c3-c6f0-49e8-61f7-d403a0fcb1f3,f5137ee9-5299-836d-c8b8-30de2735133f,113,Td (adult) preservative free,140.52
2021-03-25T05:13:42Z,c7a9ada6-bb83-b750-cd92-9a5407767458,ee102674-f6bd-6bf0-bd75-6bba919eb266,140,Influenza  seasonal  injectable  preservative free,140.52
2022-03-31T05:13:42Z,c7a9ada6-bb83-b750-cd92-9a5407767458,d3932d2b-47d0-b024-00ec-3727c98d337b,140,Influenza  seasonal  injectable  preservative free,140.52
2023-04-06T05:13:42Z,c7a9ada6-bb83-b750-cd92-9a5407767458,40508e40-e146-975c-686b-8718eba6bad1,140,Influenza  seasonal  injectable  preservative free,140.52
2019-06-27T14:41:24Z,d4aa04c3-c6f0-49e8-61f7-d403a0fcb1f3,e9f32fc3-fbcd-a894-7da4-aeeca52c00ea,140,Influenza  seasonal  injectable  preservative free,140.52
2022-06-30T14:41:24Z,d4aa04c3-c6f0-49e8-61f7-d403a0fcb1f3,81e527f3-b914-9641-6ecb-f7c384a17f46,140,Influenza  seasonal  injectable  preservative free,140.52
2014-06-11T18:55:58Z,5a724b2a-6bf3-44b4-d2e4-6bf60a0e5fea,1722c917-b6cd-b367-367d-abdf5352f6e0,140,Influenza  seasonal  injectable  preservative free,140.52
2015-06-17T18:55:58Z,5a724b2a-6bf3-44b4-d2e4-6bf60a0e5fea,d6b5c83f-1591-9c68-8076-cce1bdaf3aaa,140,Influenza  seasonal  injectable  preservative free,140.52
2016-06-22T18:55:58Z,5a724b2a-6bf3-44b4-d2e4-6bf60a0e5fea,df9180f8-1772-49f5-5156-25a01edebe9c,140,Influenza  seasonal  injectable  preservative free,140.52
2017-06-28T18:55:58Z,5a724b2a-6bf3-44b4-d2e4-6bf60a0e5fea,cc83dd85-c139-89f4-7e81-4c53702a0cfa,140,Influenza  seasonal  injectable  preservative free,140.52
2018-07-04T18:55:58Z,5a724b2a-6bf3-44b4-d2e4-6bf60a0e5fea,922de366-6024-25c2-5ddd-408a4a6ccfca,140,Influenza  seasonal  injectable  preservative free,140.52
2019-07-10T18:55:58Z,5a724b2a-6bf3-44b4-d2e4-6bf60a0e5fea,52388023-4392-47c0-c0c0-03db82ef2dbe,140,Influenza  seasonal  injectable  preservative free,140.52
2020-07-15T18:55:58Z,5a724b2a-6bf3-44b4-d2e4-6bf60a0e5fea,19a468e4-bd5a-b896-1980-db87bcb7547d,140,Influenza  seasonal  injectable  preservative free,140.52
2021-07-21T18:55:58Z,5a724b2a-6bf3-44b4-d2e4-6bf60a0e5fea,c7accd76-e8a5-e5cb-8c62-62dc0dbed862,121,zoster,140.52
2021-07-21T18:55:58Z,5a724b2a-6bf3-44b4-d2e4-6bf60a0e5fea,c7accd76-e8a5-e5cb-8c62-62dc0dbed862,140,Influenza  seasonal  injectable  preservative free,140.52
2022-07-27T18:55:58Z,5a724b2a-6bf3-44b4-d2e4-6bf60a0e5fea,b3a44310-005d-caa3-fa2b-55f9a0979a23,121,zoster,140.52
2022-07-27T18:55:58Z,5a724b2a-6bf3-44b4-d2e4-6bf60a0e5fea,b3a44310-005d-caa3-fa2b-55f9a0979a23,140,Influenza  seasonal  injectable  preservative free,140.52
2022-07-27T18:55:58Z,5a724b2a-6bf3-44b4-d2e4-6bf60a0e5fea,b3a44310-005d-caa3-fa2b-55f9a0979a23,113,Td (adult) preservative free,140.52
2023-08-02T18:55:58Z,5a724b2a-6bf3-44b4-d2e4-6bf60a0e5fea,38368817-2446-2cfe-495e-9f239ef7a392,140,Influenza  seasonal  injectable  preservative free,140.52
2014-10-18T21:16:28Z,924ad57a-ffbb-960f-5ea7-69373551a3df,d38a2aa6-dae8-8df4-6635-9c46656c3dfe,140,Influenza  seasonal  injectable  preservative free,140.52
2015-10-24T21:16:28Z,924ad57a-ffbb-960f-5ea7-69373551a3df,34d58b0b-8f54-7cb5-1e48-63b1f81e025e,140,Influenza  seasonal  injectable  preservative free,140.52
2016-10-29T21:16:28Z,924ad57a-ffbb-960f-5ea7-69373551a3df,5346d9e3-1226-b09e-7d87-fd8da97887b3,140,Influenza  seasonal  injectable  preservative free,140.52
2017-11-04T21:16:28Z,924ad57a-ffbb-960f-5ea7-69373551a3df,7870c4db-eb4e-8e6c-4717-1d7cb0efe7bd,140,Influenza  seasonal  injectable  preservative free,140.52
2018-11-10T21:16:28Z,924ad57a-ffbb-960f-5ea7-69373551a3df,8455a09c-2051-d6b4-bc44-268174b64048,140,Influenza  seasonal  injectable  preservative free,140.52
2019-11-16T21:16:28Z,924ad57a-ffbb-960f-5ea7-69373551a3df,cf7cf3f4-25b5-a351-ea23-a65910bee063,140,Influenza  seasonal  injectable  preservative free,140.52
2020-11-21T21:16:28Z,924ad57a-ffbb-960f-5ea7-69373551a3df,b94918df-158b-5a96-4a5f-0460f332c7e9,140,Influenza  seasonal  injectable  preservative free,140.52
2021-11-27T21:16:28Z,924ad57a-ffbb-960f-5ea7-69373551a3df,6cc875fc-4a6f-1338-747e-393f21b88a5e,140,Influenza  seasonal  injectable  preservative free,140.52
2021-11-27T21:16:28Z,924ad57a-ffbb-960f-5ea7-69373551a3df,6cc875fc-4a6f-1338-747e-393f21b88a5e,113,Td (adult) preservative free,140.52
2022-12-03T21:16:28Z,924ad57a-ffbb-960f-5ea7-69373551a3df,924f23d8-7143-34bd-b2fc-d6c45fdc44d8,140,Influenza  seasonal  injectable  preservative free,140.52
2014-06-22T00:03:08Z,bbc21ce5-eeeb-a9fd-d05f-3c8abf907ef0,bab59c70-49d1-f998-a31f-b30f913c5c84,140,Influenza  seasonal  injectable  preservative free,140.52
2014-06-22T00:03:08Z,bbc21ce5-eeeb-a9fd-d05f-3c8abf907ef0,bab59c70-49d1-f998-a31f-b30f913c5c84,52,Hep A  adult,140.52
2015-06-28T00:03:08Z,bbc21ce5-eeeb-a9fd-d05f-3c8abf907ef0,67c8799f-c725-2478-1182-c6104076069d,140,Influenza  seasonal  injectable  preservative free,140.52
2015-06-28T00:03:08Z,bbc21ce5-eeeb-a9fd-d05f-3c8abf907ef0,67c8799f-c725-2478-1182-c6104076069d,113,Td (adult) preservative free,140.52
2015-06-28T00:03:08Z,bbc21ce5-eeeb-a9fd-d05f-3c8abf907ef0,67c8799f-c725-2478-1182-c6104076069d,52,Hep A  adult,140.52
2016-07-03T00:03:08Z,bbc21ce5-eeeb-a9fd-d05f-3c8abf907ef0,ac81ce65-de52-41e7-9049-5b3f9938147d,140,Influenza  seasonal  injectable  preservative free,140.52
2017-07-09T00:03:08Z,bbc21ce5-eeeb-a9fd-d05f-3c8abf907ef0,bf6fde69-e55a-0304-e6ac-84e84faa7f9e,140,Influenza  seasonal  injectable  preservative free,140.52
2018-07-15T00:03:08Z,bbc21ce5-eeeb-a9fd-d05f-3c8abf907ef0,0990e5ac-6e16-382f-6b4a-b208c4ff68a9,140,Influenza  seasonal  injectable  preservative free,140.52
2019-07-21T00:03:08Z,bbc21ce5-eeeb-a9fd-d05f-3c8abf907ef0,d1275900-6140-6e57-db39-92f8c1ca5790,140,Influenza  seasonal  injectable  preservative free,140.52
2020-07-26T00:03:08Z,bbc21ce5-eeeb-a9fd-d05f-3c8abf907ef0,44df82d0-5c76-7176-b554-97104bd56446,140,Influenza  seasonal  injectable  preservative free,140.52
2021-08-01T00:03:08Z,bbc21ce5-eeeb-a9fd-d05f-3c8abf907ef0,0df926f2-6e4d-715f-20f1-5b86f2cdc1cf,140,Influenza  seasonal  injectable  preservative free,140.52
2022-08-07T00:03:08Z,bbc21ce5-eeeb-a9fd-d05f-3c8abf907ef0,6a879cc1-642e-3cd6-90b9-315903001246,140,Influenza  seasonal  injectable  preservative free,140.52
2023-08-13T00:03:08Z,bbc21ce5-eeeb-a9fd-d05f-3c8abf907ef0,d0a149e0-ce03-1b40-1ce7-d5125df8d18c,140,Influenza  seasonal  injectable  preservative free,140.52
2011-05-01T16:37:43Z,8985f9c0-a635-d274-19f6-f67d79a6f036,20e2d9b4-daaa-d9bc-92b7-12431c22ee77,140,Influenza  seasonal  injectable  preservative free,140.52
2012-05-06T16:37:43Z,8985f9c0-a635-d274-19f6-f67d79a6f036,1c90456e-c467-2fc7-c340-c71b111dd0c5,140,Influenza  seasonal  injectable  preservative free,140.52
2013-05-12T16:37:43Z,8985f9c0-a635-d274-19f6-f67d79a6f036,19fe3d6c-f358-0d50-f23a-6728db060322,140,Influenza  seasonal  injectable  preservative free,140.52
2014-05-18T16:37:43Z,8985f9c0-a635-d274-19f6-f67d79a6f036,67d06a78-532b-f2ea-6f4b-5676943985f9,140,Influenza  seasonal  injectable  preservative free,140.52
2015-03-01T16:37:43Z,8985f9c0-a635-d274-19f6-f67d79a6f036,d82b0bcf-7b23-bc65-96b6-45f57d8c6dd9,140,Influenza  seasonal  injectable  preservative free,140.52
2015-05-24T16:37:43Z,8985f9c0-a635-d274-19f6-f67d79a6f036,e970d7fb-a58f-8dc9-09f2-916de2df02f4,113,Td (adult) preservative free,140.52
2016-05-29T16:37:43Z,8985f9c0-a635-d274-19f6-f67d79a6f036,e3fb0794-056b-61a2-8348-ac6e90e30964,140,Influenza  seasonal  injectable  preservative free,140.52
2017-06-04T16:37:43Z,8985f9c0-a635-d274-19f6-f67d79a6f036,72bd70d5-1b73-4928-1272-ebdaa8792c0f,140,Influenza  seasonal  injectable  preservative free,140.52
2017-10-22T16:37:43Z,8985f9c0-a635-d274-19f6-f67d79a6f036,d90c25b3-c4c3-d45d-e660-7179297a9d43,140,Influenza  seasonal  injectable  preservative free,140.52
2019-06-16T16:37:43Z,8985f9c0-a635-d274-19f6-f67d79a6f036,70d9034a-4459-ed94-6048-51c06e26a5f4,140,Influenza  seasonal  injectable  preservative free,140.52
2014-01-08T20:06:57Z,ecbe9c84-07a0-5cc3-c81c-28e178090ac5,367fa6ce-83fb-fa6f-5528-873547c877af,140,Influenza  seasonal  injectable  preservative free,140.52
2014-01-08T20:06:57Z,ecbe9c84-07a0-5cc3-c81c-28e178090ac5,367fa6ce-83fb-fa6f-5528-873547c877af,113,Td (adult) preservative free,140.52
2014-01-08T20:06:57Z,ecbe9c84-07a0-5cc3-c81c-28e178090ac5,367fa6ce-83fb-fa6f-5528-873547c877af,52,Hep A  adult,140.52
2015-01-14T20:06:57Z,ecbe9c84-07a0-5cc3-c81c-28e178090ac5,498127b1-6682-0b16-13a1-06bbe0446b58,140,Influenza  seasonal  injectable  preservative free,140.52
2016-01-20T20:06:57Z,ecbe9c84-07a0-5cc3-c81c-28e178090ac5,30de4d15-8250-08e2-f19d-28f562b7cf2c,140,Influenza  seasonal  injectable  preservative free,140.52
2017-01-25T20:06:57Z,ecbe9c84-07a0-5cc3-c81c-28e178090ac5,8f07f78f-3d71-b26f-7092-34a5a07cc071,140,Influenza  seasonal  injectable  preservative free,140.52
2018-01-31T20:06:57Z,ecbe9c84-07a0-5cc3-c81c-28e178090ac5,07515a88-515a-80aa-abb7-ff9fdb2d86b1,140,Influenza  seasonal  injectable  preservative free,140.52
2019-02-06T20:06:57Z,ecbe9c84-07a0-5cc3-c81c-28e178090ac5,33825388-26dc-e651-0065-7b1b85536819,140,Influenza  seasonal  injectable  preservative free,140.52
2020-02-12T20:06:57Z,ecbe9c84-07a0-5cc3-c81c-28e178090ac5,a003b990-88cf-58de-57d7-4e2e47bbf552,140,Influenza  seasonal  injectable  preservative free,140.52
2021-02-17T20:06:57Z,ecbe9c84-07a0-5cc3-c81c-28e178090ac5,3b0f1f44-6aec-af04-1659-486d4f694872,140,Influenza  seasonal  injectable  preservative free,140.52
2022-02-23T20:06:57Z,ecbe9c84-07a0-5cc3-c81c-28e178090ac5,b20c6c05-0c3f-5509-98b8-bbafc05701b8,140,Influenza  seasonal  injectable  preservative free,140.52
2023-03-01T20:06:57Z,ecbe9c84-07a0-5cc3-c81c-28e178090ac5,a9f3c0b5-946b-6688-9947-ce018a5b9821,121,zoster,140.52
2023-03-01T20:06:57Z,ecbe9c84-07a0-5cc3-c81c-28e178090ac5,a9f3c0b5-946b-6688-9947-ce018a5b9821,140,Influenza  seasonal  injectable  preservative free,140.52
2011-02-01T11:35:03Z,83b256d4-6f01-aa11-0d94-154814d7cc50,d8849054-6877-8d01-d023-e17797b54fc7,140,Influenza  seasonal  injectable  preservative free,140.52
2012-02-07T11:35:03Z,83b256d4-6f01-aa11-0d94-154814d7cc50,5581e26f-18bb-ee02-16e1-f3a3b2476207,140,Influenza  seasonal  injectable  preservative free,140.52
2013-02-12T11:35:03Z,83b256d4-6f01-aa11-0d94-154814d7cc50,bb5296c8-e517-4d36-fa1b-da37c86678ff,140,Influenza  seasonal  injectable  preservative free,140.52
2014-02-18T11:35:03Z,83b256d4-6f01-aa11-0d94-154814d7cc50,dfe69fc8-85e0-c2b8-c7bf-c7be67d7348b,140,Influenza  seasonal  injectable  preservative free,140.52
2015-02-24T11:35:03Z,83b256d4-6f01-aa11-0d94-154814d7cc50,540601ca-7794-bc1e-f200-fe705612bd1d,140,Influenza  seasonal  injectable  preservative free,140.52
2016-03-01T11:35:03Z,83b256d4-6f01-aa11-0d94-154814d7cc50,ae7aaed3-e136-855a-072e-34d3f3f338d2,140,Influenza  seasonal  injectable  preservative free,140.52
2017-03-07T11:35:03Z,83b256d4-6f01-aa11-0d94-154814d7cc50,92ed2cac-9b84-2c54-6900-5cc385a9b596,140,Influenza  seasonal  injectable  preservative free,140.52
2018-03-13T11:35:03Z,83b256d4-6f01-aa11-0d94-154814d7cc50,0ee27d21-8631-f708-8b83-0dd145e746fc,140,Influenza  seasonal  injectable  preservative free,140.52
2019-03-19T11:35:03Z,83b256d4-6f01-aa11-0d94-154814d7cc50,221fba0a-e9e8-fe9f-350e-c2d605f2331a,140,Influenza  seasonal  injectable  preservative free,140.52
1953-06-07T16:37:43Z,ed82232f-7507-83dc-87cf-9757061222aa,4af223ad-c8f7-6cf5-db1d-3ed3bd9b96b7,140,Influenza  seasonal  injectable  preservative free,140.52
1953-11-01T16:37:43Z,ed82232f-7507-83dc-87cf-9757061222aa,87c6459b-636a-098b-c33d-46ecb0d9da07,140,Influenza  seasonal  injectable  preservative free,140.52
1956-06-10T16:37:43Z,ed82232f-7507-83dc-87cf-9757061222aa,8761673d-68d5-ab87-158a-b4c400c0fe24,140,Influenza  seasonal  injectable  preservative free,140.52
1958-08-10T16:37:43Z,ed82232f-7507-83dc-87cf-9757061222aa,70304c43-9a0f-535f-381d-c7dbe20c01f3,140,Influenza  seasonal  injectable  preservative free,140.52
1959-06-14T16:37:43Z,ed82232f-7507-83dc-87cf-9757061222aa,bbc82efa-85eb-e3db-508e-0882fe2a7f1f,140,Influenza  seasonal  injectable  preservative free,140.52
1962-06-17T16:37:43Z,ed82232f-7507-83dc-87cf-9757061222aa,207166e3-9a03-f758-0c78-c3ce58dc472b,140,Influenza  seasonal  injectable  preservative free,140.52
2002-07-21T16:37:43Z,15846df5-8772-d3f8-1c97-d8fddf7b4ca4,8b96164f-62e7-0df1-f427-3de55c667ce7,140,Influenza  seasonal  injectable  preservative free,140.52
2003-07-27T16:37:43Z,15846df5-8772-d3f8-1c97-d8fddf7b4ca4,d84ff25d-58fc-fd09-08a1-ed2cacf0527d,140,Influenza  seasonal  injectable  preservative free,140.52
2004-08-01T16:37:43Z,15846df5-8772-d3f8-1c97-d8fddf7b4ca4,80cf0563-bee7-3047-814f-d9d3a8e22039,140,Influenza  seasonal  injectable  preservative free,140.52
2004-10-17T16:37:43Z,15846df5-8772-d3f8-1c97-d8fddf7b4ca4,f836fb96-42e8-5f84-f989-b70653b4d020,140,Influenza  seasonal  injectable  preservative free,140.52
2005-08-07T16:37:43Z,15846df5-8772-d3f8-1c97-d8fddf7b4ca4,025e76eb-5c3b-71f7-7c5f-428ad2011696,113,Td (adult) preservative free,140.52
2006-08-13T16:37:43Z,15846df5-8772-d3f8-1c97-d8fddf7b4ca4,63e1bed9-055c-2896-a633-13c36b3d8fc7,140,Influenza  seasonal  injectable  preservative free,140.52
2007-08-19T16:37:43Z,15846df5-8772-d3f8-1c97-d8fddf7b4ca4,78d8fe98-2286-22d2-cf43-bbb60f9dec2b,140,Influenza  seasonal  injectable  preservative free,140.52
2008-08-24T16:37:43Z,15846df5-8772-d3f8-1c97-d8fddf7b4ca4,d2686f68-70a6-1bf6-e30b-9591f0087b98,140,Influenza  seasonal  injectable  preservative free,140.52
2009-08-30T16:37:43Z,15846df5-8772-d3f8-1c97-d8fddf7b4ca4,b7784421-6a33-4acd-a996-5cf1024ccb0d,140,Influenza  seasonal  injectable  preservative free,140.52
2010-09-05T16:37:43Z,15846df5-8772-d3f8-1c97-d8fddf7b4ca4,9370ea51-3185-6bb5-4042-42fcfd74bc64,140,Influenza  seasonal  injectable  preservative free,140.52
2011-09-11T16:37:43Z,15846df5-8772-d3f8-1c97-d8fddf7b4ca4,10e4a04c-71e4-ca76-bf94-e1f1276dfd10,140,Influenza  seasonal  injectable  preservative free,140.52
2011-02-01T11:35:03Z,02005fbf-5575-2166-8d59-e0f21c2bc114,b95052aa-5d43-e1f0-7d4e-b67cdf8100dc,140,Influenza  seasonal  injectable  preservative free,140.52
2011-12-27T11:35:03Z,02005fbf-5575-2166-8d59-e0f21c2bc114,4e6f7f6d-7dae-66b8-9b88-6eccc0b95d15,140,Influenza  seasonal  injectable  preservative free,140.52
2013-02-12T11:35:03Z,02005fbf-5575-2166-8d59-e0f21c2bc114,0ec55ab3-d477-8630-8b67-1fb9699ccaa9,140,Influenza  seasonal  injectable  preservative free,140.52
2014-02-18T11:35:03Z,02005fbf-5575-2166-8d59-e0f21c2bc114,959ea184-fc0e-4a80-e8e7-f24e08abb74d,140,Influenza  seasonal  injectable  preservative free,140.52
2015-02-24T11:35:03Z,02005fbf-5575-2166-8d59-e0f21c2bc114,32aad801-8a5e-0c89-b926-1c1f20852a74,140,Influenza  seasonal  injectable  preservative free,140.52
2016-03-01T11:35:03Z,02005fbf-5575-2166-8d59-e0f21c2bc114,48468e7d-362a-710b-b70a-6c0894399ab4,140,Influenza  seasonal  injectable  preservative free,140.52
2017-03-07T11:35:03Z,02005fbf-5575-2166-8d59-e0f21c2bc114,dac7d41c-3029-c5d4-de69-ed6ad70ebfaa,140,Influenza  seasonal  injectable  preservative free,140.52
2018-03-13T11:35:03Z,02005fbf-5575-2166-8d59-e0f21c2bc114,eab29f8d-37a8-5a89-3669-3038fb1b4cb9,140,Influenza  seasonal  injectable  preservative free,140.52
2019-03-19T11:35:03Z,02005fbf-5575-2166-8d59-e0f21c2bc114,d11e38be-ac2e-0c11-f548-f9a44a40d139,140,Influenza  seasonal  injectable  preservative free,140.52
1994-01-23T16:37:43Z,ae1ff158-a096-eaa1-7a63-e3c1030a0743,6ec6e838-d892-a883-3cd3-0b135f302803,140,Influenza  seasonal  injectable  preservative free,140.52
1995-01-29T16:37:43Z,ae1ff158-a096-eaa1-7a63-e3c1030a0743,8c902a06-8b41-8be8-705f-ae7551043cf2,140,Influenza  seasonal  injectable  preservative free,140.52
1995-04-16T16:37:43Z,ae1ff158-a096-eaa1-7a63-e3c1030a0743,6cbbe2c0-364f-d3fc-dbae-db25513d1676,113,Td (adult) preservative free,140.52
1996-02-04T16:37:43Z,ae1ff158-a096-eaa1-7a63-e3c1030a0743,ad27e7d8-6e78-c89a-e459-8ae07b4a95f1,140,Influenza  seasonal  injectable  preservative free,140.52
1997-02-09T16:37:43Z,ae1ff158-a096-eaa1-7a63-e3c1030a0743,0baceff7-d819-4823-6582-bc737d19521a,140,Influenza  seasonal  injectable  preservative free,140.52
1998-02-15T16:37:43Z,ae1ff158-a096-eaa1-7a63-e3c1030a0743,25abb87c-be0d-22d0-1b2c-8fe17cf2904f,140,Influenza  seasonal  injectable  preservative free,140.52
1999-02-21T16:37:43Z,ae1ff158-a096-eaa1-7a63-e3c1030a0743,df132f1d-651e-95a1-a20e-41bf3a58660d,140,Influenza  seasonal  injectable  preservative free,140.52
2000-02-27T16:37:43Z,ae1ff158-a096-eaa1-7a63-e3c1030a0743,a8854670-0ec2-2a71-88f4-f6436bca24fc,140,Influenza  seasonal  injectable  preservative free,140.52
2001-03-04T16:37:43Z,ae1ff158-a096-eaa1-7a63-e3c1030a0743,fa83cb73-ac52-305c-20ca-e73e6b3c1cfc,140,Influenza  seasonal  injectable  preservative free,140.52
2001-03-04T16:37:43Z,ae1ff158-a096-eaa1-7a63-e3c1030a0743,fa83cb73-ac52-305c-20ca-e73e6b3c1cfc,33,pneumococcal polysaccharide vaccine  23 valent,140.52
2002-03-10T16:37:43Z,ae1ff158-a096-eaa1-7a63-e3c1030a0743,1b0ce450-75b0-db0f-8e79-89047f5f96eb,140,Influenza  seasonal  injectable  preservative free,140.52
2003-03-16T16:37:43Z,ae1ff158-a096-eaa1-7a63-e3c1030a0743,ee6b4dfb-0802-1b7a-04a0-ff0ffcc2f482,140,Influenza  seasonal  injectable  preservative free,140.52
1998-06-28T16:37:43Z,518b082b-1411-7d8d-9c86-bb6a90094ca1,4b547926-daf4-25f8-1111-38b07a207363,140,Influenza  seasonal  injectable  preservative free,140.52
1999-07-04T16:37:43Z,518b082b-1411-7d8d-9c86-bb6a90094ca1,40cb0b24-cece-39e5-a542-8c2d0f960672,140,Influenza  seasonal  injectable  preservative free,140.52
2000-07-09T16:37:43Z,518b082b-1411-7d8d-9c86-bb6a90094ca1,ebad7649-e8ec-3004-60d9-ff210fc2a9de,140,Influenza  seasonal  injectable  preservative free,140.52
2000-07-09T16:37:43Z,518b082b-1411-7d8d-9c86-bb6a90094ca1,ebad7649-e8ec-3004-60d9-ff210fc2a9de,33,pneumococcal polysaccharide vaccine  23 valent,140.52
2001-07-15T16:37:43Z,518b082b-1411-7d8d-9c86-bb6a90094ca1,7a294f89-11c1-916c-b3ca-36b5d98eb701,140,Influenza  seasonal  injectable  preservative free,140.52
2002-07-21T16:37:43Z,518b082b-1411-7d8d-9c86-bb6a90094ca1,c4c61dc8-145a-d863-562e-ba81787339c0,140,Influenza  seasonal  injectable  preservative free,140.52
2003-07-27T16:37:43Z,518b082b-1411-7d8d-9c86-bb6a90094ca1,7dbf6a2e-762b-ae47-efd8-d66b662411fa,140,Influenza  seasonal  injectable  preservative free,140.52
2004-07-18T16:37:43Z,518b082b-1411-7d8d-9c86-bb6a90094ca1,7544d26f-261d-2a69-b92e-28b6b48bc57c,140,Influenza  seasonal  injectable  preservative free,140.52
2005-08-07T16:37:43Z,518b082b-1411-7d8d-9c86-bb6a90094ca1,e95677da-d96f-9ebe-6a23-05195d0b11fd,140,Influenza  seasonal  injectable  preservative free,140.52
2005-08-07T16:37:43Z,518b082b-1411-7d8d-9c86-bb6a90094ca1,e95677da-d96f-9ebe-6a23-05195d0b11fd,113,Td (adult) preservative free,140.52
2006-08-13T16:37:43Z,518b082b-1411-7d8d-9c86-bb6a90094ca1,c8a8b874-7ff2-f170-1164-645f11154083,140,Influenza  seasonal  injectable  preservative free,140.52
2007-08-19T16:37:43Z,518b082b-1411-7d8d-9c86-bb6a90094ca1,b5e75eff-34e3-167b-0efa-d7f9d692599a,140,Influenza  seasonal  injectable  preservative free,140.52
1995-01-29T16:37:43Z,3d2bd7dd-aa77-e3c1-62e8-c2de28dcdf77,4e58feea-0204-889c-f820-070b655ac95b,140,Influenza  seasonal  injectable  preservative free,140.52
1995-07-30T16:37:43Z,3d2bd7dd-aa77-e3c1-62e8-c2de28dcdf77,3f72e822-eaec-2459-3965-17e1cf4b653a,113,Td (adult) preservative free,140.52
1996-02-04T16:37:43Z,3d2bd7dd-aa77-e3c1-62e8-c2de28dcdf77,2aba2add-b7ec-90fc-18ec-8a648f722261,140,Influenza  seasonal  injectable  preservative free,140.52
1997-02-09T16:37:43Z,3d2bd7dd-aa77-e3c1-62e8-c2de28dcdf77,80470f0f-d4f6-4c0b-037b-bc9974ee6f19,140,Influenza  seasonal  injectable  preservative free,140.52
1998-02-15T16:37:43Z,3d2bd7dd-aa77-e3c1-62e8-c2de28dcdf77,48c3f08f-677b-fc4d-8a72-aa5523b607dc,140,Influenza  seasonal  injectable  preservative free,140.52
1999-02-21T16:37:43Z,3d2bd7dd-aa77-e3c1-62e8-c2de28dcdf77,b1b49c05-754d-ec7b-4fc9-52fbd6f7638a,140,Influenza  seasonal  injectable  preservative free,140.52
2000-02-27T16:37:43Z,3d2bd7dd-aa77-e3c1-62e8-c2de28dcdf77,e6c81e54-75dc-b6fb-6bd8-4357aeaf46ac,140,Influenza  seasonal  injectable  preservative free,140.52
2000-08-13T16:37:43Z,3d2bd7dd-aa77-e3c1-62e8-c2de28dcdf77,7c93ea1c-561c-1e75-366e-01120679404f,33,pneumococcal polysaccharide vaccine  23 valent,140.52
2001-03-04T16:37:43Z,3d2bd7dd-aa77-e3c1-62e8-c2de28dcdf77,2be59fa0-957f-d17f-9922-d4211b2f078a,140,Influenza  seasonal  injectable  preservative free,140.52
2002-03-10T16:37:43Z,3d2bd7dd-aa77-e3c1-62e8-c2de28dcdf77,eab7d8f4-c9c2-5d01-a2ae-a0adde9e84c0,140,Influenza  seasonal  injectable  preservative free,140.52
2003-01-05T16:37:43Z,3d2bd7dd-aa77-e3c1-62e8-c2de28dcdf77,93935a7c-313c-cb2e-6ff3-fd0c36391807,140,Influenza  seasonal  injectable  preservative free,140.52
2014-01-21T11:35:03Z,daeff584-63f3-2caa-a59a-becb111786d5,8482bd7b-6506-1a82-5552-c8bfd8727d2b,140,Influenza  seasonal  injectable  preservative free,140.52
2014-12-23T11:35:03Z,daeff584-63f3-2caa-a59a-becb111786d5,c48ff96c-ded2-8e94-3519-37fecdc32019,140,Influenza  seasonal  injectable  preservative free,140.52
2015-12-15T11:35:03Z,daeff584-63f3-2caa-a59a-becb111786d5,f983437d-3c39-8791-16d5-c15f3812d27a,140,Influenza  seasonal  injectable  preservative free,140.52
2016-12-06T11:35:03Z,daeff584-63f3-2caa-a59a-becb111786d5,f4079a7f-eb6f-8ebe-f509-ca164b6fae36,140,Influenza  seasonal  injectable  preservative free,140.52
2017-12-05T11:35:03Z,daeff584-63f3-2caa-a59a-becb111786d5,dcfe4eb5-253e-ad7e-3e1d-6981af39ced8,140,Influenza  seasonal  injectable  preservative free,140.52
2018-11-27T11:35:03Z,daeff584-63f3-2caa-a59a-becb111786d5,0615acb6-436f-ee52-ab3f-28b14bb0133d,140,Influenza  seasonal  injectable  preservative free,140.52
2019-05-28T11:35:03Z,daeff584-63f3-2caa-a59a-becb111786d5,e3fc3b6f-1735-6431-b048-9ca1f120f9fc,113,Td (adult) preservative free,140.52
2019-12-24T11:35:03Z,daeff584-63f3-2caa-a59a-becb111786d5,f2c344db-abf7-195b-d5e4-b05bbfacde11,140,Influenza  seasonal  injectable  preservative free,140.52
2020-12-15T11:35:03Z,daeff584-63f3-2caa-a59a-becb111786d5,8ee2ee21-0b77-fc84-9c74-75a6b03f20b4,140,Influenza  seasonal  injectable  preservative free,140.52
2021-12-07T11:35:03Z,daeff584-63f3-2caa-a59a-becb111786d5,098e98d7-6e42-7812-8a69-0d9c0f9f5ea1,140,Influenza  seasonal  injectable  preservative free,140.52
2022-12-06T11:35:03Z,daeff584-63f3-2caa-a59a-becb111786d5,f5d49050-8179-82b7-5950-764402a990a0,140,Influenza  seasonal  injectable  preservative free,140.52
2023-07-04T11:35:03Z,daeff584-63f3-2caa-a59a-becb111786d5,33537bfe-8c4b-bd25-3aba-6485b5636855,133,Pneumococcal conjugate PCV 13,140.52
2010-09-05T16:37:43Z,6fe7b56b-57ac-7094-f3ec-956aeadd2fea,5bad1bb4-ae48-0abf-5580-5927ad9abf52,140,Influenza  seasonal  injectable  preservative free,140.52
2011-09-11T16:37:43Z,6fe7b56b-57ac-7094-f3ec-956aeadd2fea,f0c0878e-0cd0-f77e-453d-cdef6eab2a19,140,Influenza  seasonal  injectable  preservative free,140.52
2011-10-30T16:37:43Z,6fe7b56b-57ac-7094-f3ec-956aeadd2fea,208a263b-7308-d644-8fe1-763ead8b3a12,140,Influenza  seasonal  injectable  preservative free,140.52
2013-02-03T16:37:43Z,6fe7b56b-57ac-7094-f3ec-956aeadd2fea,23aa30a7-a7eb-a4fd-f30e-d8b797777819,140,Influenza  seasonal  injectable  preservative free,140.52
2014-09-28T16:37:43Z,6fe7b56b-57ac-7094-f3ec-956aeadd2fea,5415db2c-b63f-4c24-9b84-2e2e765a1583,140,Influenza  seasonal  injectable  preservative free,140.52
2015-10-04T16:37:43Z,6fe7b56b-57ac-7094-f3ec-956aeadd2fea,134725eb-61f0-0276-98fb-dd1cdbef5c5a,140,Influenza  seasonal  injectable  preservative free,140.52
2015-10-04T16:37:43Z,6fe7b56b-57ac-7094-f3ec-956aeadd2fea,134725eb-61f0-0276-98fb-dd1cdbef5c5a,113,Td (adult) preservative free,140.52
2015-10-25T16:37:43Z,6fe7b56b-57ac-7094-f3ec-956aeadd2fea,b9a24ba2-d479-520b-d351-44d26c337263,140,Influenza  seasonal  injectable  preservative free,140.52
2016-10-09T16:37:43Z,6fe7b56b-57ac-7094-f3ec-956aeadd2fea,3d6bec94-64c5-ac7f-4657-071070d778af,140,Influenza  seasonal  injectable  preservative free,140.52
2017-10-15T16:37:43Z,6fe7b56b-57ac-7094-f3ec-956aeadd2fea,e160456c-d712-5638-f254-2e54e614b26f,140,Influenza  seasonal  injectable  preservative free,140.52
2018-10-21T16:37:43Z,6fe7b56b-57ac-7094-f3ec-956aeadd2fea,3af47586-6fe2-1065-b97c-ad28844c5b78,140,Influenza  seasonal  injectable  preservative free,140.52
2019-10-27T16:37:43Z,6fe7b56b-57ac-7094-f3ec-956aeadd2fea,4684d761-a862-c715-817f-9ae1fe86babc,140,Influenza  seasonal  injectable  preservative free,140.52
2005-02-27T16:37:43Z,3a9a5e6a-ea3a-5982-9d91-20b68b3d2518,073faa5b-4b56-df74-181d-6213c09b97fe,140,Influenza  seasonal  injectable  preservative free,140.52
2006-03-05T16:37:43Z,3a9a5e6a-ea3a-5982-9d91-20b68b3d2518,a7db011c-afaa-f48a-98a5-bf82fb4280fb,140,Influenza  seasonal  injectable  preservative free,140.52
2006-03-05T16:37:43Z,3a9a5e6a-ea3a-5982-9d91-20b68b3d2518,a7db011c-afaa-f48a-98a5-bf82fb4280fb,113,Td (adult) preservative free,140.52
2007-03-11T16:37:43Z,3a9a5e6a-ea3a-5982-9d91-20b68b3d2518,c5c71a64-0c9f-b0b3-4727-8a0df127ae4b,140,Influenza  seasonal  injectable  preservative free,140.52
2008-03-16T16:37:43Z,3a9a5e6a-ea3a-5982-9d91-20b68b3d2518,f4d35f57-8228-1fc8-c151-ef1cafa7d46e,140,Influenza  seasonal  injectable  preservative free,140.52
2008-11-09T16:37:43Z,3a9a5e6a-ea3a-5982-9d91-20b68b3d2518,34f2d216-b67a-6cf5-1972-4ee9837f1e36,140,Influenza  seasonal  injectable  preservative free,140.52
2010-03-28T16:37:43Z,3a9a5e6a-ea3a-5982-9d91-20b68b3d2518,9de560a1-edeb-af83-0ae7-34bd3d0e9a6c,140,Influenza  seasonal  injectable  preservative free,140.52
2011-04-03T16:37:43Z,3a9a5e6a-ea3a-5982-9d91-20b68b3d2518,78c4d526-5981-6b7a-809d-fdea93c96f04,140,Influenza  seasonal  injectable  preservative free,140.52
2012-04-08T16:37:43Z,3a9a5e6a-ea3a-5982-9d91-20b68b3d2518,e3cb54a9-3ee5-785c-6b05-70788c07635d,140,Influenza  seasonal  injectable  preservative free,140.52
2013-04-14T16:37:43Z,3a9a5e6a-ea3a-5982-9d91-20b68b3d2518,2e8a086e-2c3c-4cbe-737f-e1a3e09c9ae7,140,Influenza  seasonal  injectable  preservative free,140.52
2014-04-20T16:37:43Z,3a9a5e6a-ea3a-5982-9d91-20b68b3d2518,058002f4-00f9-762d-5e4c-bab721830c27,140,Influenza  seasonal  injectable  preservative free,140.52
1956-06-24T16:37:43Z,3350f289-152d-23de-6b1d-96ca37ba268c,14ed4e7f-3319-ec1f-a3da-ed4779f21352,140,Influenza  seasonal  injectable  preservative free,140.52
1957-06-30T16:37:43Z,3350f289-152d-23de-6b1d-96ca37ba268c,34cc0e8e-d264-89fa-7a5f-417399c84e3a,140,Influenza  seasonal  injectable  preservative free,140.52
1958-07-06T16:37:43Z,3350f289-152d-23de-6b1d-96ca37ba268c,53775ce8-b019-f08d-935a-2c32116146b0,140,Influenza  seasonal  injectable  preservative free,140.52
1959-07-12T16:37:43Z,3350f289-152d-23de-6b1d-96ca37ba268c,44656492-13ab-5d14-1c12-b1f4f25b3783,140,Influenza  seasonal  injectable  preservative free,140.52
1960-07-17T16:37:43Z,3350f289-152d-23de-6b1d-96ca37ba268c,7669d108-c704-219d-cd8e-2c6102899141,140,Influenza  seasonal  injectable  preservative free,140.52
1961-07-23T16:37:43Z,3350f289-152d-23de-6b1d-96ca37ba268c,dd8b9c79-7d66-3ac3-54d3-6759f88532da,140,Influenza  seasonal  injectable  preservative free,140.52
1962-07-29T16:37:43Z,3350f289-152d-23de-6b1d-96ca37ba268c,79185752-0d37-2bab-27b3-e6fc7a32b2d3,140,Influenza  seasonal  injectable  preservative free,140.52
1963-08-04T16:37:43Z,3350f289-152d-23de-6b1d-96ca37ba268c,e12df3bb-b3bf-e2fe-4d36-6133dfc52aa1,140,Influenza  seasonal  injectable  preservative free,140.52
1964-08-09T16:37:43Z,3350f289-152d-23de-6b1d-96ca37ba268c,555d859f-4926-0993-714e-9dac7f60de99,140,Influenza  seasonal  injectable  preservative free,140.52
1964-12-27T16:37:43Z,3350f289-152d-23de-6b1d-96ca37ba268c,edaa859e-2b50-4d2a-6379-02f46411802e,140,Influenza  seasonal  injectable  preservative free,140.52
2014-09-28T16:37:43Z,98c9bb2e-d16d-4f00-f0ff-977c95a9ba19,3c366da4-c713-5611-df91-edf44d3a4895,140,Influenza  seasonal  injectable  preservative free,140.52
2015-10-04T16:37:43Z,98c9bb2e-d16d-4f00-f0ff-977c95a9ba19,69d3d186-2aa4-2b37-e0d5-67ccb896898f,140,Influenza  seasonal  injectable  preservative free,140.52
2015-10-04T16:37:43Z,98c9bb2e-d16d-4f00-f0ff-977c95a9ba19,69d3d186-2aa4-2b37-e0d5-67ccb896898f,113,Td (adult) preservative free,140.52
2016-10-09T16:37:43Z,98c9bb2e-d16d-4f00-f0ff-977c95a9ba19,0e196f8d-6504-d7a1-d9ea-15f6eeb58a6b,140,Influenza  seasonal  injectable  preservative free,140.52
2017-10-15T16:37:43Z,98c9bb2e-d16d-4f00-f0ff-977c95a9ba19,fbbbd677-8531-47be-2c56-6f3caebf631c,140,Influenza  seasonal  injectable  preservative free,140.52
2018-10-21T16:37:43Z,98c9bb2e-d16d-4f00-f0ff-977c95a9ba19,333ec3e4-ea73-e7f7-db8b-89493d9daac9,140,Influenza  seasonal  injectable  preservative free,140.52
2019-10-27T16:37:43Z,98c9bb2e-d16d-4f00-f0ff-977c95a9ba19,d754b8e0-6248-0d86-7332-8c57f04e275b,140,Influenza  seasonal  injectable  preservative free,140.52
2020-11-01T16:37:43Z,98c9bb2e-d16d-4f00-f0ff-977c95a9ba19,6d82914e-eaf5-2942-8623-deebffa85536,140,Influenza  seasonal  injectable  preservative free,140.52
2021-11-07T16:37:43Z,98c9bb2e-d16d-4f00-f0ff-977c95a9ba19,9936054b-67f4-7643-362e-10dceaa7867f,140,Influenza  seasonal  injectable  preservative free,140.52
2022-11-13T16:37:43Z,98c9bb2e-d16d-4f00-f0ff-977c95a9ba19,c79b1678-f8fe-d179-b5e3-490d4d5d9514,140,Influenza  seasonal  injectable  preservative free,140.52
