Id,NAME,ADDRESS,CITY,STATE,ZIP,LAT,LON,PHONE,REVENUE,UTILIZATION
69176529-fd1f-3b3f-abce-a0a3626769eb,MOUNT AUBURN HOSPITAL,330 MOUNT AUBURN STREET,CAMBRIDGE,MA,02138,42.375967,-71.118275,6174923500,0.0,37
5e765f2b-e908-3888-9fc7-df2cb87beb58,STURDY MEMORIAL HOSPITAL,211 PARK STREET,ATTLEBORO,MA,02703,41.931653,-71.294503,5082225200,0.0,27
e002090d-4e92-300e-b41e-7d1f21dee4c6,CAMBRIDGE HEALTH ALLIANCE,1493 CAMBRIDGE STREET,CAMBRIDGE,MA,02138,42.375967,-71.118275,6176652300,0.0,46
49318f80-bd8b-3fc7-a096-ac43088b0c12,COOLEY DICKINSON HOSPITAL INC THE,30 LOCUST STREET,NORTHAMPTON,MA,01060,42.327044,-72.67463000000002,4135822000,0.0,181
5d4b9df1-93ae-3bc9-b680-03249990e558,HOLYOKE MEDICAL CENTER,575 BEECH STREET,HOLYOKE,MA,01040,42.211656,-72.642448,4135342500,0.0,613
c44f361c-2efb-3050-8f97-0354a12e2920,SIGNATURE HEALTHCARE BROCKTON HOSPITAL,680 CENTER STREET,BROCKTON,MA,02302,42.082543,-71.024638,5089417000,0.0,2
b1ddf812-1fdd-3adf-b1d5-32cc8bd07ebb,BETH ISRAEL DEACONESS HOSPITAL - PLYMOUTH,275 SANDWICH STREET,PLYMOUTH,MA,02360,41.897892,-70.62403,5087462000,0.0,21
ebc3f5c4-6700-34af-8323-85621c313726,NOBLE HOSPITAL,115 WEST SILVER STREET,WESTFIELD,MA,01085,42.138838,-72.755911,4135682811,0.0,73
24cb4eab-6166-3530-bddc-a5a8a14a4fc1,MILFORD REGIONAL MEDICAL CENTER,14 PROSPECT STREET,MILFORD,MA,01757,42.158692,-71.521419,5084731190,0.0,31
226098a2-6a40-3588-b5bb-db56c3a30a04,GOOD SAMARITAN MEDICAL CENTER,235 NORTH PEARL STREET,BROCKTON,MA,02301,42.082543,-71.024638,5084273000,0.0,25
b7175ab4-bde5-3848-891b-579bccb77c7c,TUFTS MEDICAL CENTER,800 WASHINGTON STREET,BOSTON,MA,02111,42.33196,-71.020173,6176365000,0.0,3
3bd5eda0-16da-3ba5-8500-4dfd6ae118b8,NORWOOD HOSPITAL,800 WASHINGTON STREET,NORWOOD,MA,02062,42.18736,-71.195955,5087721000,0.0,181
6f122869-a856-3d65-8db9-099bf4f5bbb8,LAHEY HOSPITAL & MEDICAL CENTER  BURLINGTON,41 & 45 MALL ROAD,BURLINGTON,MA,01803,42.503227,-71.201713,7817445100,0.0,25
d7b11827-25f2-350b-bcd8-939fc59851b0,BOSTON CHILDREN'S HOSPITAL,300 LONGWOOD AVENUE,BOSTON,MA,02115,42.33196,-71.020173,6177356000,0.0,7
78dbf052-6958-3c67-af45-b5a450b70fe4,Springfield Vet Center,95 Ashley Avenue  Suite A,West Springfield,MA,01089,42.139397,-72.62382,413-737-5167 Or 413-737-5167,0.0,241
588e03bd-91bc-3442-be9e-66c18ba36c0c,KHOURY CHIROPRACTC  INC.,116 MECHANIC ST,BELLINGHAM,MA,02019-1678,42.076682,-71.47449,508-966-3777,0.0,36
bf0bb03e-69c9-30f8-ae56-14913d5a71c5,PCP17973,12 CORSER ST,HOLYOKE,MA,01040-2227,42.211656,-72.642448,413-237-2430,0.0,19
31de0e39-9682-38e8-8141-57854071efca,PCP35738,26 TRAPELO RD,BELMONT,MA,02478-4457,42.395317,-71.180284,617-484-3956,0.0,34
dfeef2b6-c1ee-305c-8d8c-bfda54e0fdc4,PCP48615,66 FISHER ST,NORWOOD,MA,02062-1921,42.187364,-71.195971,781-449-0087,0.0,71
1022db40-9516-337c-829c-5d551dd6a84c,VALLEY CHIROPRACTIC AND REHABILITATION  LLC,850 HIGH ST,HOLYOKE,MA,01040-3739,42.211656,-72.642448,413-536-0142,0.0,94
ca8458ed-e6c6-366e-bbe6-82dad8f6ef29,PCP68209,476 APPLETON ST,HOLYOKE,MA,01040-3236,42.211656,-72.642448,413-315-3507,0.0,31
a4d9807c-ee1c-3cd6-94e5-c46ffae90643,PCP75141,76 BEDFORD ST,LEXINGTON,MA,02420-4640,42.445221999999994,-71.23001500000001,339-223-0250,0.0,61
1fe7468f-f026-362f-bc47-87f8feb01e6e,PCP95399,10 HOSPITAL DR,HOLYOKE,MA,01040-6603,42.211656,-72.642448,413-533-7139,0.0,78
36df9172-8c2f-325d-9bf3-b7f7338e474c,PCP109906,7 HADLEY ST,SOUTH HADLEY,MA,01075-1058,42.256208,-72.58103,,0.0,76
1776755d-7040-3d15-b588-d67de0149d76,PCP124300,5 CROWLEY RD,WESTHAMPTON,MA,01027-9637,42.314078,-72.777977,,0.0,70
6eb642c6-9c0d-35a4-af6d-a29b6bf0f59e,MANHAN INTERNAL MEDICINE PC,6 PARC PL,SOUTHAMPTON,MA,01073-9277,42.226949,-72.74158800000001,413-529-9282,0.0,129
cc55a45b-da92-3627-bbdf-2334698c7739,PCP143985,1236 MAIN ST,HOLYOKE,MA,01040-2955,42.211656,-72.642448,413-532-67773,0.0,28
428a5285-2065-39f5-ac6e-218254386f87,PCP167315,50 HOLYOKE ST,HOLYOKE,MA,01040-2709,42.211656,-72.642448,,0.0,85
4409c5e7-33d9-3c5a-83f6-28da324a5f22,GASTROINTESTINAL SPECIALISTS  LLC,1 COMPASS WAY,EAST BRIDGEWATER,MA,02333-1466,42.037278,-70.94045899999999,508-588-6700,0.0,58
7885a92d-8554-3cba-ad43-99bff92bda4c,PCP265244,345 COURT ST,PLYMOUTH,MA,02360-4329,41.897892,-70.62403,781-422-4654,0.0,59
37362d32-a494-30a7-9ca6-ad833d53394f,HOLYOKE MEDICAL CENTER INC,2 HOSPITAL DR,HOLYOKE,MA,01040-6614,42.211656,-72.642448,413-540-5048,0.0,78
ec6cc243-d1d2-34cd-9bcb-a75ee7bc1d9d,BAYSTATE MEDICAL PRACTICES INC,470 GRANBY RD,SOUTH HADLEY,MA,01075-3218,42.256208,-72.58103,,0.0,68
8248dc1d-b8a5-33d2-9568-b6ff30d0a94d,HOLYOKE MEDICAL CENTER INC,10 HOSPITAL DR,HOLYOKE,MA,01040-6643,42.211656,-72.642448,413-536-5814,0.0,28
5e7c6b92-58e4-3cfe-aaed-fdf779bac597,HOLYOKE MEDICAL CENTER INC,575 BEECH ST,HOLYOKE,MA,01040-2223,42.211656,-72.642448,,0.0,28
632120c3-d5f3-31cf-a3ff-9afe4d9ef9f6,STURDY MEMORIAL ASSOCIATES  INC.,538 WINTHROP ST,REHOBOTH,MA,02763,41.846878000000004,-71.24486999999999,508-336-9200,0.0,40
73ed2306-c57a-3f50-844a-24dc29bee6b3,BOSTON HEALTH CARE FOR THE HOMELESS PROGRAM INC,170 MORTON ST,JAMAICA PLAIN,MA,02130-3735,42.33196,-71.020173,617-971-3229,0.0,20
0d1563c1-d56c-362e-9e3d-d74463ebbe0f,URGENT CARE MEDICAL CLINIC,629 PLEASANT STREET,BROCKTON,MA,2301,42.0892313,-71.04551,508-583-0010,0.0,1
ad933cee-594c-3f13-b6ef-20f89ecd91ff,ROUTE 6 WALK IN EMERGENCY OFFICE,1589 FALL RIVER AVENUE,SEEKONK,MA,2771,41.7847869,-71.3116365,508-336-4550,0.0,3
a76bda1d-f42d-3046-b8c6-021f3db0a086,WALK IN AND PRIMARY CARE,808 MAIN STREET,WALTHAM,MA,2451,42.3760766,-71.242893,781-894-8200,0.0,1
e3f1676b-9b40-3544-af4e-17a06bbb98bb,CODMAN SQUARE HEALTH CENTER,637 WASHINGTON STREET,DORCHESTER,MA,2124,42.2894365,-71.0719941,617-825-9660,0.0,1
b60f8daf-0362-3c28-9b54-216e7f3e80bd,FALMOUTH HOSPITAL CLINIC AT BOURNE,1 TROWBRIDGE ROAD,BUZZARDS BAY,MA,2532,41.740785,-70.5980121,508-743-0322,0.0,2
b06770b5-b695-3c1a-9685-ae2223966ff7,GENERAL HEALTH CARE,66 SOUTH WASHINGTON STREET,NORTH ATTLEBORO,MA,2760,41.9799756,-71.3329695,508-643-0100,0.0,1
a9afd4c9-8443-3b5a-a486-07c3bb109b3f,RIVER BEND MEDICAL GROUP - CHICOPEE OFFICE - URGENT CARE,444 MONTGOMERY STREET,CHICOPEE,MA,1020,42.1718584,-72.5849672,413-594-3111,0.0,44
108ccece-277a-396f-8bf2-1527f74458eb,ON CALL URGENT CARE CENTER,51 LOCUST STREET,NORTHAMPTON,MA,1060,42.3323152,-72.6545646,413-584-7425,0.0,117
90cf148c-69ed-3d33-aa86-b509c6b0b25f,PROMPT CARE WALK-IN CLINIC,170 GOVERNORS AVENUE,MEDFORD,MA,2155,42.4259086,-71.1113649,781-306-6180,0.0,1
