Id,BIRTHDATE,DEATHDATE,SSN,DRIVERS,PASSPORT,PREFIX,FIRST,LAST,SUFFIX,MAIDEN,MARITAL,RACE,ETHNICITY,GENDER,BIRTHPLACE,ADDRESS,CITY,STATE,COUNTY,ZIP,LAT,LON,HEALTHCARE_EXPENSES,HEALTHCARE_COVERAGE
d9937c56-f2e8-ff4a-4744-3c13a452514e,1981-07-17,,999-24-4444,S99966640,X56578558X,Mr.,Dario75,Breitenberg711,,,M,white,nonhispanic,M,Westford  Massachusetts  US,300 Stehr Underpass,Franklin,Massachusetts,Norfolk County,,42.10523133671952,-71.45684007146154,257209.22,0.0
2c30ddfd-0fa4-0e5d-1867-7c8b3a2b2a8f,2012-03-25,,999-55-2698,,,,Jayme42,Wehner319,,,,white,nonhispanic,F,Holbrook  Massachusetts  US,1023 Hills Boulevard Suite 87,Boston,Massachusetts,Suffolk County,02129,42.34047751028141,-71.04808689407955,290656.575,3038.775
c7a9ada6-bb83-b750-cd92-9a5407767458,1986-09-04,,999-19-2911,S99912483,X34399462X,Mr.,Douglas31,Schmidt332,,,M,white,nonhispanic,M,Lynn  Massachusetts  US,702 Glover Passage Apt 35,Rehoboth,Massachusetts,Bristol County,,41.86327393622182,-71.2487655360132,974451.92,24489.0
d4aa04c3-c6f0-49e8-61f7-d403a0fcb1f3,1985-04-04,,999-59-4121,S99982152,X65140859X,Mrs.,Mindi87,Hudson301,,Wilderman619,M,white,nonhispanic,F,Rowley  Massachusetts  US,251 Okuneva Boulevard Unit 93,Watertown,Massachusetts,Middlesex County,,42.386306650010425,-71.15540992020497,1165199.1460000002,292839.074
5a724b2a-6bf3-44b4-d2e4-6bf60a0e5fea,1970-11-25,,999-87-3672,S99968626,X5288541X,Mr.,Kendrick479,Mertz280,,,M,white,nonhispanic,M,Belmont  Massachusetts  US,568 Hagenes Mews,Lexington,Massachusetts,Middlesex County,02420,42.45514580681249,-71.22992118194871,1326939.0950000004,3619.935
924ad57a-ffbb-960f-5ea7-69373551a3df,1960-01-30,,999-46-6293,S99941252,X63604872X,Mrs.,Marcelene872,Altenwerth646,,Kerluke267,M,white,nonhispanic,F,Lynn  Massachusetts  US,751 Hettinger Trail Unit 6,Westwood,Massachusetts,Norfolk County,,42.18514830125007,-71.19387056227593,2329114.290000001,1071332.71
bbc21ce5-eeeb-a9fd-d05f-3c8abf907ef0,1973-12-23,,999-51-9279,S99989728,X71648249X,Mr.,Cory323,Kulas532,,,M,hawaiian,nonhispanic,M,Peabody  Massachusetts  US,295 Stokes Rest,East Bridgewater,Massachusetts,Plymouth County,,42.02329059936254,-70.93469230723886,1287633.9675000005,2369.7225
8985f9c0-a635-d274-19f6-f67d79a6f036,1934-04-08,2020-03-19,999-85-1648,S99980650,X86572900X,Mr.,Tomas436,Rippin620,,,S,white,nonhispanic,M,Lowell  Massachusetts  US,802 Beier Byway,Holyoke,Massachusetts,Hampden County,01040,42.20065165924387,-72.666369658136,2134588.4454999994,172473.8345
ecbe9c84-07a0-5cc3-c81c-28e178090ac5,1972-07-05,,999-26-4083,S99991472,X41486275X,Mr.,Avery919,Mraz590,,,M,white,nonhispanic,M,Boston  Massachusetts  US,476 Haley Tunnel Suite 89,Plymouth,Massachusetts,Plymouth County,02360,41.850879894231824,-70.65964067868599,1321269.295,1571.2049999999995
83b256d4-6f01-aa11-0d94-154814d7cc50,1958-05-27,2020-02-29,999-45-6173,S99994776,X2166831X,Mr.,James276,Hoppe518,,,M,white,nonhispanic,M,Cambridge  Massachusetts  US,397 Mosciski Village,Southampton,Massachusetts,Hampshire County,,42.268049221215506,-72.79092377804011,1551889.965000001,15195.434999999989
46ac0866-df13-5f99-db5b-23503421e712,1934-04-08,1943-08-13,999-84-5137,,,,Danny396,Lockman863,,,,white,nonhispanic,M,Orange  Massachusetts  US,111 Homenick Throughway,Holyoke,Massachusetts,Hampden County,,42.172011632986404,-72.62628714761368,239027.2,0.0
ed82232f-7507-83dc-87cf-9757061222aa,1934-04-08,1963-03-06,999-49-5189,S99981378,X48624468X,Mr.,Colby655,Pacocha935,,,M,white,nonhispanic,M,Northampton  Massachusetts  US,205 Bartell Passage,Holyoke,Massachusetts,Hampden County,01040,42.216615050840375,-72.64923285255148,699047.2474999998,884.1524999999999
15846df5-8772-d3f8-1c97-d8fddf7b4ca4,1934-04-08,2012-01-07,999-64-6190,S99957303,X89140124X,Mr.,Hassan290,Hansen121,,,M,white,nonhispanic,M,Cambridge  Massachusetts  US,513 Crooks Road,Holyoke,Massachusetts,Hampden County,01040,42.252695473111196,-72.60712473624599,1958265.8175000008,55163.1425
02005fbf-5575-2166-8d59-e0f21c2bc114,1958-05-27,2020-03-27,999-89-9364,S99969752,X39836197X,Mr.,Matthew562,Lowe577,,,M,white,nonhispanic,M,Bourne  Massachusetts  US,732 Lubowitz Crossroad,Southampton,Massachusetts,Hampshire County,,42.22861730682995,-72.74261884320417,1812950.7675,2622.9825
ae1ff158-a096-eaa1-7a63-e3c1030a0743,1934-04-08,2003-03-16,999-51-7581,S99989395,X48890065X,Mr.,Chance908,Tromp100,,,M,white,nonhispanic,M,Worcester  Massachusetts  US,299 Durgan Way,Holyoke,Massachusetts,Hampden County,01040,42.23214346315602,-72.66488131791698,1781039.265,27184.785000000003
518b082b-1411-7d8d-9c86-bb6a90094ca1,1934-04-08,2007-11-01,999-56-7518,S99995890,X34357539X,Mr.,Lonnie913,Marvin195,,,M,white,nonhispanic,M,Cambridge  Massachusetts  US,1093 Sanford Gateway Apt 84,Holyoke,Massachusetts,Hampden County,01040,42.23950928250513,-72.62546114735756,1812875.5900000008,177464.58000000002
3d2bd7dd-aa77-e3c1-62e8-c2de28dcdf77,1934-04-08,2004-02-20,999-90-4748,S99917908,X44658873X,Mr.,Brice635,Ziemann98,,,M,white,nonhispanic,M,Reading  Massachusetts  US,611 Watsica Frontage road,Holyoke,Massachusetts,Hampden County,,42.22043795520749,-72.65576324998054,2472000.3194999998,78159.85050000002
daeff584-63f3-2caa-a59a-becb111786d5,1958-05-27,,999-49-4050,S99955570,X88767501X,Mr.,Roland928,Spencer878,,,M,white,nonhispanic,M,Boston  Massachusetts  US,187 Prosacco Trailer,Southampton,Massachusetts,Hampshire County,,42.2622606146192,-72.72743702533198,1720637.31,32141.49
6fe7b56b-57ac-7094-f3ec-956aeadd2fea,1934-04-08,2020-03-24,999-50-2394,S99928161,X2521643X,Mr.,Warren653,Oberbrunner298,,,M,white,nonhispanic,M,Raynham  Massachusetts  US,373 Pacocha Row Apt 59,Holyoke,Massachusetts,Hampden County,01040,42.233503707503054,-72.60820692547505,2085247.248,128024.02199999997
3a9a5e6a-ea3a-5982-9d91-20b68b3d2518,1934-04-08,2014-07-13,999-86-4499,S99927208,X85244651X,Mr.,Elijah719,Mueller846,,,M,white,nonhispanic,M,Lynn  Massachusetts  US,330 O'Hara Dale,Holyoke,Massachusetts,Hampden County,01040,42.23213134864309,-72.66411457715472,2043700.2295000004,356373.4905000001
3350f289-152d-23de-6b1d-96ca37ba268c,1934-04-08,1966-06-08,999-11-8895,S99945109,X19121052X,Mr.,Tommy814,Reinger292,,,M,white,nonhispanic,M,Belmont  Massachusetts  US,713 Schmidt Station Apt 29,Holyoke,Massachusetts,Hampden County,01040,42.21903679275406,-72.6417115356952,814987.0225,2361.5175
98c9bb2e-d16d-4f00-f0ff-977c95a9ba19,1934-04-08,,999-29-7074,S99943217,X12871862X,Mr.,Fidel864,Crona259,,,M,white,nonhispanic,M,Lawrence  Massachusetts  US,443 Schuppe Crossroad,Holyoke,Massachusetts,Hampden County,,42.18713310253485,-72.63905810821639,2995848.988500001,28776.1215
