Id,NAME,ADDRESS,CITY,STATE_HEADQUARTERED,ZIP,PHONE,AMOUNT_COVERED,AMOUNT_UNCOVERED,REVENUE,COVERED_ENCOUNTERS,UNCOVERED_ENCOUNTERS,COVERED_MEDICATIONS,UNCOVERED_MEDICATIONS,COVERED_PROCEDURES,UNCOVERED_PROCEDURES,COVERED_IMMUNIZATIONS,UNCOVERED_IMMUNIZATIONS,UNIQUE_CUSTOMERS,QOLS_AVG,MEMBER_MONTHS
b3221cfc-24fb-339e-823d-bc4136cbc4ed,Dual Eligible,7500 Security Blvd,Baltimore,MD,21244,1-877-267-2323,0.00,0.00,0.00,0,0,0,0,0,0,0,0,0,NaN,0
7caa7254-5050-3b5e-9eae-bd5ea30e809c,Medicare,7500 Security Blvd,Baltimore,MD,21244,1-800-633-4227,768643.38,72153.06,321250.00,361,0,486,0,254,0,125,0,9,0.7710049751710434,1332
7c4411ce-02f1-39b5-b9ec-dfbea9ad3c1a,Medicaid,7500 Security Blvd,Baltimore,MD,21244,1-877-267-2323,1092966.42,65084.55,27250.00,104,0,23,0,276,0,7,0,2,0.9839246641315277,108
d47b3510-2895-3b70-9897-342d681c769d,Humana,500 West Main St,Louisville,KY,40018,1-844-330-7799,25868.03,603229.74,3819900.00,302,35,0,212,0,303,0,157,20,0.8748556364799973,2220
6e2f1a2d-27bd-3701-8d08-dae202c58632,Blue Cross Blue Shield,Michigan Plaza,Chicago,IL,60007,1-800-262-2583,486648.35,313394.72,4156200.00,340,0,239,0,327,0,169,0,22,0.8435905355009807,2304
5059a55e-5d6e-34d1-b6cb-d83d16e57bcf,UnitedHealthcare,9800 Healthcare Lane,Minnetonka,MN,55436,1-888-545-5205,15421.78,583507.28,4788000.00,363,56,0,283,0,328,0,195,22,0.8742421411065087,2508
4d71f845-a6a9-3c39-b242-14d25ef86a8d,Aetna,151 Farmington Ave,Hartford,CT,6156,1-800-872-3862,44287.12,542518.51,4860000.00,362,41,0,224,0,271,0,200,22,0.8578654275031542,2424
047f6ec3-6215-35eb-9608-f9dda363a44c,Cigna Health,900 Cottage Grove Rd,Bloomfield,CT,6002,1-800-997-1654,18505.80,672571.04,4590600.00,287,50,0,225,0,289,0,147,22,0.8715775084195991,2184
42c4fca7-f8a9-3cd1-982a-dd9751bf3e2a,Anthem,220 Virginia Ave,Indianapolis,IN,46204,1-800-331-1476,23744.95,658960.71,4936800.00,174,180,0,236,0,312,0,148,22,0.8270213596187287,2256
b1c428d6-4f07-31e0-90f0-68ffa6ff8c76,NO_INSURANCE,,,,,,0.00,2056359.32,0.00,0,207,0,48,0,208,0,65,1,1.3899999189316319,300
