Id,ORGANIZATION,NAME,GENDER,SPECIALITY,ADDRESS,CITY,STATE,ZIP,LAT,LON,UTILIZATION
c9e87cb5-1e14-3a90-88cb-db2f4026eb19,69176529-fd1f-3b3f-abce-a0a3626769eb,Arturo47 Gurule738,M,GENERAL PRACTICE,330 MOUNT AUBURN STREET,CAMBRIDGE,MA,02138,42.375967,-71.118275,37
f7dbcefc-4e2b-3070-95b3-1f14b2fb0801,5e765f2b-e908-3888-9fc7-df2cb87beb58,Ludivina884 Steuber698,F,GENERAL PRACTICE,211 PARK STREET,ATTLEBORO,MA,02703,41.931653,-71.294503,27
d586dc01-936a-369b-964e-b0fd704f014f,e002090d-4e92-300e-b41e-7d1f21dee4c6,Caitlyn56 Medhurst46,F,GENERAL PRACTICE,1493 CAMBRIDGE STREET,CAMBRIDGE,MA,02138,42.375967,-71.118275,46
4e1beb0b-873d-3fc7-adc3-3973dd75501c,49318f80-bd8b-3fc7-a096-ac43088b0c12,Almeta56 Carter549,F,GENERAL PRACTICE,30 LOCUST STREET,NORTHAMPTON,MA,01060,42.327044,-72.67463000000002,181
6cd4bffe-211a-36cb-bde2-00d872ab14eb,5d4b9df1-93ae-3bc9-b680-03249990e558,Vicente970 Kilback373,M,GENERAL PRACTICE,575 BEECH STREET,HOLYOKE,MA,01040,42.211656,-72.642448,613
efa2fa38-b054-3fb1-a7d6-da59dbc79d6c,c44f361c-2efb-3050-8f97-0354a12e2920,Mauro926 Thompson596,M,GENERAL PRACTICE,680 CENTER STREET,BROCKTON,MA,02302,42.082543,-71.024638,2
6c5709bd-b344-3629-b8ca-875a16b28ee7,b1ddf812-1fdd-3adf-b1d5-32cc8bd07ebb,Ingrid581 Jacobson885,F,GENERAL PRACTICE,275 SANDWICH STREET,PLYMOUTH,MA,02360,41.897892,-70.62403,21
9d783129-045c-3fe0-8b04-dc693103ebe5,ebc3f5c4-6700-34af-8323-85621c313726,Lorenza655 Ziemann98,F,GENERAL PRACTICE,115 WEST SILVER STREET,WESTFIELD,MA,01085,42.138838,-72.755911,73
0156a22a-a51b-3470-b5e7-ac6e4102edf9,24cb4eab-6166-3530-bddc-a5a8a14a4fc1,Wilton999 Pollich983,M,GENERAL PRACTICE,14 PROSPECT STREET,MILFORD,MA,01757,42.158692,-71.521419,31
843ac3d7-30d0-3701-b324-eda323a8a1e8,226098a2-6a40-3588-b5bb-db56c3a30a04,Elayne206 Renner328,F,GENERAL PRACTICE,235 NORTH PEARL STREET,BROCKTON,MA,02301,42.082543,-71.024638,25
440bb4a3-4f0c-3f8d-9d52-8a6409314d62,b7175ab4-bde5-3848-891b-579bccb77c7c,Fritz267 Conroy74,M,GENERAL PRACTICE,800 WASHINGTON STREET,BOSTON,MA,02111,42.33196,-71.020173,3
04a71376-5358-32cd-86d5-90e1df17235e,3bd5eda0-16da-3ba5-8500-4dfd6ae118b8,Loris321 Bradtke547,F,GENERAL PRACTICE,800 WASHINGTON STREET,NORWOOD,MA,02062,42.18736,-71.195955,181
22ba9950-3257-38d8-8fc9-a96334223ffb,6f122869-a856-3d65-8db9-099bf4f5bbb8,Demetrice140 Crooks415,F,GENERAL PRACTICE,41 & 45 MALL ROAD,BURLINGTON,MA,01803,42.503227,-71.201713,25
493a1e40-b8b8-355f-98d7-d0cdb320715d,d7b11827-25f2-350b-bcd8-939fc59851b0,Adrian111 Murazik203,M,GENERAL PRACTICE,300 LONGWOOD AVENUE,BOSTON,MA,02115,42.33196,-71.020173,7
10a913f4-5095-3923-a171-9fdec7c2717e,78dbf052-6958-3c67-af45-b5a450b70fe4,Josh874 Stamm704,M,GENERAL PRACTICE,95 Ashley Avenue  Suite A,West Springfield,MA,01089,42.139397,-72.62382,241
6805db45-90e1-39fe-8d31-e86c19d54574,588e03bd-91bc-3442-be9e-66c18ba36c0c,Nicole384 Schneider199,F,CHIROPRACTIC,116 MECHANIC ST,BELLINGHAM,MA,02019-1678,42.076682,-71.47449,0
fe2ecfba-f946-3f01-b387-0a15b3e9b3cc,588e03bd-91bc-3442-be9e-66c18ba36c0c,Merilyn246 Mueller846,F,CHIROPRACTIC,116 MECHANIC ST,BELLINGHAM,MA,02019-1678,42.076682,-71.47449,0
7cd8c4ab-b9f5-34cc-b2ad-662ae309b6f5,588e03bd-91bc-3442-be9e-66c18ba36c0c,Delphia725 Schamberger479,F,CHIROPRACTIC,116 MECHANIC ST,BELLINGHAM,MA,02019-1678,42.076682,-71.47449,0
72471ff0-6d5c-323e-acb9-0c9a89046158,588e03bd-91bc-3442-be9e-66c18ba36c0c,Isreal8 Shields502,M,CHIROPRACTIC,116 MECHANIC ST,BELLINGHAM,MA,02019-1678,42.076682,-71.47449,0
b1e3a99a-5da0-3d27-b93a-60bfc533ec54,588e03bd-91bc-3442-be9e-66c18ba36c0c,Francine922 Cremin516,F,CHIROPRACTIC,116 MECHANIC ST,BELLINGHAM,MA,02019-1678,42.076682,-71.47449,0
11c98fbd-66e9-3943-bf4a-931f9e0c0ef7,588e03bd-91bc-3442-be9e-66c18ba36c0c,Elizabeth24 Witting912,F,CHIROPRACTIC,116 MECHANIC ST,BELLINGHAM,MA,02019-1678,42.076682,-71.47449,0
bbc3f980-2b9e-3eed-9e07-23a389dcb9c7,588e03bd-91bc-3442-be9e-66c18ba36c0c,Faustino767 Schneider199,M,GENERAL PRACTICE,116 MECHANIC ST,BELLINGHAM,MA,02019-1678,42.076682,-71.47449,36
4578f2e3-617e-3bd7-bd61-b0a81cf937a6,bf0bb03e-69c9-30f8-ae56-14913d5a71c5,Greg949 Jenkins714,M,GENERAL PRACTICE,12 CORSER ST,HOLYOKE,MA,01040-2227,42.211656,-72.642448,19
c9141214-1bee-3c8e-a57c-4cb60a148bd4,31de0e39-9682-38e8-8141-57854071efca,Debrah72 Renner328,F,PSYCHIATRY,26 TRAPELO RD,BELMONT,MA,02478-4457,42.395317,-71.180284,0
e29df332-aa4c-3580-8266-330c541f7908,31de0e39-9682-38e8-8141-57854071efca,Daniela614 Viera553,F,PSYCHIATRY,26 TRAPELO RD,BELMONT,MA,02478-4457,42.395317,-71.180284,0
221c1bda-273c-30a4-bb68-ae8fcc5e02df,31de0e39-9682-38e8-8141-57854071efca,Melvin857 Renner328,M,GENERAL PRACTICE,26 TRAPELO RD,BELMONT,MA,02478-4457,42.395317,-71.180284,34
5702cbc2-fae5-3b7a-b2bc-45a30179b842,dfeef2b6-c1ee-305c-8d8c-bfda54e0fdc4,Joane83 Bayer639,F,CLINICAL PSYCHOLOGIST,66 FISHER ST,NORWOOD,MA,02062-1921,42.187364,-71.195971,0
9fcf5527-72c2-3c6e-b2da-81cf0fe6e595,dfeef2b6-c1ee-305c-8d8c-bfda54e0fdc4,Joane83 Bayer639,F,GENERAL PRACTICE,66 FISHER ST,NORWOOD,MA,02062-1921,42.187364,-71.195971,71
17fedeb3-de82-33fa-8281-cb2d3b217363,1022db40-9516-337c-829c-5d551dd6a84c,Shelton25 Walker122,M,CHIROPRACTIC,850 HIGH ST,HOLYOKE,MA,01040-3739,42.211656,-72.642448,0
09be3471-4498-3e13-9a5a-df12dd636838,1022db40-9516-337c-829c-5d551dd6a84c,Cameron381 Robel940,M,CHIROPRACTIC,850 HIGH ST,HOLYOKE,MA,01040-3739,42.211656,-72.642448,0
790e2562-1f2f-34ae-892e-e12facf175b3,1022db40-9516-337c-829c-5d551dd6a84c,Romelia905 Bernhard322,F,CHIROPRACTIC,850 HIGH ST,HOLYOKE,MA,01040-3739,42.211656,-72.642448,0
8cec20ed-e64e-335c-9fea-3d3df721a42f,1022db40-9516-337c-829c-5d551dd6a84c,Margareta320 Torp761,F,CHIROPRACTIC,850 HIGH ST,HOLYOKE,MA,01040-3739,42.211656,-72.642448,0
7906c6c8-ee25-3f96-b7dd-99683499787b,1022db40-9516-337c-829c-5d551dd6a84c,Thaddeus38 Dietrich576,M,CHIROPRACTIC,850 HIGH ST,HOLYOKE,MA,01040-3739,42.211656,-72.642448,0
7ffe7b96-ea3d-3d1a-ae2f-1aa97558bb18,1022db40-9516-337c-829c-5d551dd6a84c,Herman763 Feeney44,M,CHIROPRACTIC,850 HIGH ST,HOLYOKE,MA,01040-3739,42.211656,-72.642448,0
4683c30c-42d3-3e09-bf99-e691a05817f3,1022db40-9516-337c-829c-5d551dd6a84c,Keisha459 Macejkovic424,F,CHIROPRACTIC,850 HIGH ST,HOLYOKE,MA,01040-3739,42.211656,-72.642448,0
b785c772-ae15-3164-9c4b-a6fd7db7190e,1022db40-9516-337c-829c-5d551dd6a84c,Sancho742 Becerra708,M,CHIROPRACTIC,850 HIGH ST,HOLYOKE,MA,01040-3739,42.211656,-72.642448,0
ec86e19b-77f1-3372-b5a1-537a32db0ffc,1022db40-9516-337c-829c-5d551dd6a84c,Loralee922 Walker122,F,PHYSICAL THERAPY,850 HIGH ST,HOLYOKE,MA,01040-3739,42.211656,-72.642448,0
79b9d58b-a993-3aaa-a306-d31b35f783f8,1022db40-9516-337c-829c-5d551dd6a84c,Cameron381 Robel940,M,PHYSICAL THERAPY,850 HIGH ST,HOLYOKE,MA,01040-3739,42.211656,-72.642448,0
14a7c8fe-80cc-36b0-8a15-c1d1d771a7ae,1022db40-9516-337c-829c-5d551dd6a84c,Loralee922 Walker122,F,GENERAL PRACTICE,850 HIGH ST,HOLYOKE,MA,01040-3739,42.211656,-72.642448,94
8558a9cf-810e-3488-b339-c0466d534c40,ca8458ed-e6c6-366e-bbe6-82dad8f6ef29,Kristan816 Klocko335,F,PSYCHIATRY,476 APPLETON ST,HOLYOKE,MA,01040-3236,42.211656,-72.642448,0
12b65930-2bf7-3693-b8ad-4ac703a8fc5d,ca8458ed-e6c6-366e-bbe6-82dad8f6ef29,Mauricio81 Goodwin327,M,PSYCHIATRY,476 APPLETON ST,HOLYOKE,MA,01040-3236,42.211656,-72.642448,0
a6afe019-1bef-3998-8a62-e08e179af897,ca8458ed-e6c6-366e-bbe6-82dad8f6ef29,Gregorio366 Klocko335,M,CLINICAL SOCIAL WORKER,476 APPLETON ST,HOLYOKE,MA,01040-3236,42.211656,-72.642448,0
975f8be4-e20a-3455-9134-7fe780586a74,ca8458ed-e6c6-366e-bbe6-82dad8f6ef29,Kaleigh347 Goodwin327,F,CLINICAL SOCIAL WORKER,476 APPLETON ST,HOLYOKE,MA,01040-3236,42.211656,-72.642448,0
4831d054-b384-3e5c-afd9-aec9df96dac3,ca8458ed-e6c6-366e-bbe6-82dad8f6ef29,Darren774 McDermott739,M,CLINICAL SOCIAL WORKER,476 APPLETON ST,HOLYOKE,MA,01040-3236,42.211656,-72.642448,0
e2570288-8a40-3235-b848-1546e7f90f8a,ca8458ed-e6c6-366e-bbe6-82dad8f6ef29,Clemente531 Tijerina14,M,CLINICAL SOCIAL WORKER,476 APPLETON ST,HOLYOKE,MA,01040-3236,42.211656,-72.642448,0
d1925e1a-d1cd-3c30-8e6e-315f04c3d1ae,ca8458ed-e6c6-366e-bbe6-82dad8f6ef29,Gregorio366 Klocko335,M,GENERAL PRACTICE,476 APPLETON ST,HOLYOKE,MA,01040-3236,42.211656,-72.642448,31
003e9f83-42c0-349d-bd89-4a2748fe2c3b,ca8458ed-e6c6-366e-bbe6-82dad8f6ef29,Kristan816 Klocko335,F,CLINICAL NURSE SPECIALIST,476 APPLETON ST,HOLYOKE,MA,01040-3236,42.211656,-72.642448,0
29ab3977-5b0c-35fe-a00f-bc379c822f4c,ca8458ed-e6c6-366e-bbe6-82dad8f6ef29,Mauricio81 Goodwin327,M,CLINICAL NURSE SPECIALIST,476 APPLETON ST,HOLYOKE,MA,01040-3236,42.211656,-72.642448,0
17f72d38-7f65-360d-b42e-134cbc6694e2,a4d9807c-ee1c-3cd6-94e5-c46ffae90643,Ena816 Nitzsche158,F,GENERAL PRACTICE,76 BEDFORD ST,LEXINGTON,MA,02420-4640,42.445221999999994,-71.23001500000001,61
45641d50-9f1d-3b3a-8180-febdffad5916,1fe7468f-f026-362f-bc47-87f8feb01e6e,Faustina753 Murazik203,F,GENERAL PRACTICE,10 HOSPITAL DR,HOLYOKE,MA,01040-6603,42.211656,-72.642448,78
b310859f-18be-3af5-91a5-f095fc283f74,36df9172-8c2f-325d-9bf3-b7f7338e474c,Summer593 Yundt842,F,GENERAL PRACTICE,7 HADLEY ST,SOUTH HADLEY,MA,01075-1058,42.256208,-72.58103,76
6bcb0a2a-67df-3074-becb-8d275ff2df10,1776755d-7040-3d15-b588-d67de0149d76,Judi176 Deckow585,F,OCCUPATIONAL THERAPY,5 CROWLEY RD,WESTHAMPTON,MA,01027-9637,42.314078,-72.777977,0
e5f01dd1-df21-3202-b1e1-66c120f220d7,1776755d-7040-3d15-b588-d67de0149d76,Judi176 Deckow585,F,GENERAL PRACTICE,5 CROWLEY RD,WESTHAMPTON,MA,01027-9637,42.314078,-72.777977,70
120e003a-f897-3224-b6df-e092bd70ece8,6eb642c6-9c0d-35a4-af6d-a29b6bf0f59e,Nikole56 Lesch175,F,NURSE PRACTITIONER,6 PARC PL,SOUTHAMPTON,MA,01073-9277,42.226949,-72.74158800000001,0
fe28f974-9596-3f2c-abac-47acaf95c948,6eb642c6-9c0d-35a4-af6d-a29b6bf0f59e,Drew592 Lesch175,M,PHYSICIAN ASSISTANT,6 PARC PL,SOUTHAMPTON,MA,01073-9277,42.226949,-72.74158800000001,0
cb14828c-d2e1-3bf9-9396-1f7d13a39944,6eb642c6-9c0d-35a4-af6d-a29b6bf0f59e,Drew592 Lesch175,M,GENERAL PRACTICE,6 PARC PL,SOUTHAMPTON,MA,01073-9277,42.226949,-72.74158800000001,129
3215f582-dcbf-3253-b5d2-6f889e0923cf,6eb642c6-9c0d-35a4-af6d-a29b6bf0f59e,Drew592 Lesch175,M,INTERNAL MEDICINE,6 PARC PL,SOUTHAMPTON,MA,01073-9277,42.226949,-72.74158800000001,0
928493aa-678b-3366-a9c9-e98cfb532e23,cc55a45b-da92-3627-bbdf-2334698c7739,Gino587 Fisher429,M,GENERAL PRACTICE,1236 MAIN ST,HOLYOKE,MA,01040-2955,42.211656,-72.642448,28
8171632d-5e9b-3613-8c4e-264f3d131f19,428a5285-2065-39f5-ac6e-218254386f87,Philip822 Gibson10,M,OPTOMETRY,50 HOLYOKE ST,HOLYOKE,MA,01040-2709,42.211656,-72.642448,0
030926a3-7762-377f-9c8a-09bff38dc462,428a5285-2065-39f5-ac6e-218254386f87,Philip822 Gibson10,M,GENERAL PRACTICE,50 HOLYOKE ST,HOLYOKE,MA,01040-2709,42.211656,-72.642448,85
ff60c2a1-1e69-3347-a40b-187da476eb86,4409c5e7-33d9-3c5a-83f6-28da324a5f22,Lesley194 Dickens475,M,GENERAL PRACTICE,1 COMPASS WAY,EAST BRIDGEWATER,MA,02333-1466,42.037278,-70.94045899999999,58
51f59577-8f79-3c0e-9f63-5c728bce7bea,7885a92d-8554-3cba-ad43-99bff92bda4c,Dana512 Gusikowski974,M,GENERAL PRACTICE,345 COURT ST,PLYMOUTH,MA,02360-4329,41.897892,-70.62403,59
b784b8f6-fe28-3a65-9e01-cb1fa788def7,37362d32-a494-30a7-9ca6-ad833d53394f,Tracey100 Reilly981,M,GENERAL PRACTICE,2 HOSPITAL DR,HOLYOKE,MA,01040-6614,42.211656,-72.642448,78
c7683533-4888-3394-81c6-5d1864b24588,ec6cc243-d1d2-34cd-9bcb-a75ee7bc1d9d,Bruce167 Weber641,M,GENERAL PRACTICE,470 GRANBY RD,SOUTH HADLEY,MA,01075-3218,42.256208,-72.58103,68
4f2a3b23-389d-33e5-a4e1-1788ef366c4e,8248dc1d-b8a5-33d2-9568-b6ff30d0a94d,Luigi346 Swift555,M,GENERAL PRACTICE,10 HOSPITAL DR,HOLYOKE,MA,01040-6643,42.211656,-72.642448,28
7716ef21-dd5b-3941-a3b2-c2bdd56021b9,5e7c6b92-58e4-3cfe-aaed-fdf779bac597,Danica886 Murazik203,F,GENERAL PRACTICE,575 BEECH ST,HOLYOKE,MA,01040-2223,42.211656,-72.642448,28
4f55b105-d9f5-38db-a3f9-5990dfe646f3,632120c3-d5f3-31cf-a3ff-9afe4d9ef9f6,Tristan353 Rice937,M,FAMILY PRACTICE,538 WINTHROP ST,REHOBOTH,MA,02763,41.846878000000004,-71.24486999999999,0
da7b6943-3df9-3d31-9f81-20be366d722f,632120c3-d5f3-31cf-a3ff-9afe4d9ef9f6,Christiane220 Lubowitz58,F,FAMILY PRACTICE,538 WINTHROP ST,REHOBOTH,MA,02763,41.846878000000004,-71.24486999999999,0
aa57d58e-41d5-3942-a491-5e155a906489,632120c3-d5f3-31cf-a3ff-9afe4d9ef9f6,Hank686 Thiel172,M,FAMILY PRACTICE,538 WINTHROP ST,REHOBOTH,MA,02763,41.846878000000004,-71.24486999999999,0
6c5674fb-b50c-374d-b396-4ae1c7195eb7,632120c3-d5f3-31cf-a3ff-9afe4d9ef9f6,Merlin721 Predovic534,M,FAMILY PRACTICE,538 WINTHROP ST,REHOBOTH,MA,02763,41.846878000000004,-71.24486999999999,0
a394e1a8-8b43-3c12-9e95-187b04964f2d,632120c3-d5f3-31cf-a3ff-9afe4d9ef9f6,Tristan353 Rice937,M,GENERAL PRACTICE,538 WINTHROP ST,REHOBOTH,MA,02763,41.846878000000004,-71.24486999999999,40
b4611c35-04e1-3250-bb65-2d75066623ee,632120c3-d5f3-31cf-a3ff-9afe4d9ef9f6,Deadra347 Rice937,F,INTERNAL MEDICINE,538 WINTHROP ST,REHOBOTH,MA,02763,41.846878000000004,-71.24486999999999,0
69c334c2-6750-3219-b5b2-031a9af75a3c,632120c3-d5f3-31cf-a3ff-9afe4d9ef9f6,Cornell131 Lubowitz58,M,INTERNAL MEDICINE,538 WINTHROP ST,REHOBOTH,MA,02763,41.846878000000004,-71.24486999999999,0
d0e61e75-c8f3-31c9-97a8-6873bfa7a6da,73ed2306-c57a-3f50-844a-24dc29bee6b3,Willia886 Kuhic920,F,GENERAL PRACTICE,170 MORTON ST,JAMAICA PLAIN,MA,02130-3735,42.33196,-71.020173,20
7e70e94d-2b86-323f-88f1-5a5c0793b234,0d1563c1-d56c-362e-9e3d-d74463ebbe0f,Valorie864 Ritchie586,F,GENERAL PRACTICE,629 PLEASANT STREET,BROCKTON,MA,2301,42.0892313,-71.04551,1
d6f85060-c529-3faa-a752-5cc0fa29e8fe,ad933cee-594c-3f13-b6ef-20f89ecd91ff,Randy380 Wunsch504,M,GENERAL PRACTICE,1589 FALL RIVER AVENUE,SEEKONK,MA,2771,41.7847869,-71.3116365,3
b24eb9d1-7189-393e-bcdc-1001f7dee7cd,a76bda1d-f42d-3046-b8c6-021f3db0a086,Kandace783 Reilly981,F,GENERAL PRACTICE,808 MAIN STREET,WALTHAM,MA,2451,42.3760766,-71.242893,1
406a00cf-89af-3189-921f-278748518cb2,e3f1676b-9b40-3544-af4e-17a06bbb98bb,Salvador46 Valle770,M,GENERAL PRACTICE,637 WASHINGTON STREET,DORCHESTER,MA,2124,42.2894365,-71.0719941,1
43d4172d-314a-39a6-8265-fc78c5b540eb,b60f8daf-0362-3c28-9b54-216e7f3e80bd,Boris111 Anderson154,M,GENERAL PRACTICE,1 TROWBRIDGE ROAD,BUZZARDS BAY,MA,2532,41.740785,-70.5980121,2
d6611ee9-cd87-3a0b-817e-5b7aaf7e1e7d,b06770b5-b695-3c1a-9685-ae2223966ff7,September423 Bosco882,F,GENERAL PRACTICE,66 SOUTH WASHINGTON STREET,NORTH ATTLEBORO,MA,2760,41.9799756,-71.3329695,1
bb0b1729-ce49-3084-8b4a-15359d6bd4bb,a9afd4c9-8443-3b5a-a486-07c3bb109b3f,Sammie902 DuBuque211,M,GENERAL PRACTICE,444 MONTGOMERY STREET,CHICOPEE,MA,1020,42.1718584,-72.5849672,44
ccdacd92-9fa1-39f4-abd7-7eb0584f1fd2,108ccece-277a-396f-8bf2-1527f74458eb,Matha641 Kilback373,F,GENERAL PRACTICE,51 LOCUST STREET,NORTHAMPTON,MA,1060,42.3323152,-72.6545646,117
386481ec-62f9-30bd-9f1b-aef6f876c845,90cf148c-69ed-3d33-aa86-b509c6b0b25f,Karoline975 Bailey598,F,GENERAL PRACTICE,170 GOVERNORS AVENUE,MEDFORD,MA,2155,42.4259086,-71.1113649,1
