DATE,PATIENT,ENCOUNTER,CODE,DESCRIPTION,QUANTITY
2020-03-07,bbc21ce5-eeeb-a9fd-d05f-3c8abf907ef0,7dad1498-c9ed-0e3b-aeb7-c9a4e9259ad0,409534002,Disposable air-purifying respirator (physical object),2
2020-03-07,bbc21ce5-eeeb-a9fd-d05f-3c8abf907ef0,7dad1498-c9ed-0e3b-aeb7-c9a4e9259ad0,713779008,Nitrile examination/treatment glove  non-powdered  sterile (physical object),24
2020-03-07,bbc21ce5-eeeb-a9fd-d05f-3c8abf907ef0,7dad1498-c9ed-0e3b-aeb7-c9a4e9259ad0,469673003,Isolation gown  single-use (physical object),12
2020-03-07,bbc21ce5-eeeb-a9fd-d05f-3c8abf907ef0,7dad1498-c9ed-0e3b-aeb7-c9a4e9259ad0,706724001,Face shield (physical object),2
2020-03-07,bbc21ce5-eeeb-a9fd-d05f-3c8abf907ef0,7dad1498-c9ed-0e3b-aeb7-c9a4e9259ad0,419343004,Alcohol disinfectant (substance),1
2020-03-07,bbc21ce5-eeeb-a9fd-d05f-3c8abf907ef0,7dad1498-c9ed-0e3b-aeb7-c9a4e9259ad0,470618009,Antiseptic towelette (physical object),8
2020-03-08,bbc21ce5-eeeb-a9fd-d05f-3c8abf907ef0,7dad1498-c9ed-0e3b-aeb7-c9a4e9259ad0,409534002,Disposable air-purifying respirator (physical object),2
2020-03-08,bbc21ce5-eeeb-a9fd-d05f-3c8abf907ef0,7dad1498-c9ed-0e3b-aeb7-c9a4e9259ad0,713779008,Nitrile examination/treatment glove  non-powdered  sterile (physical object),24
2020-03-08,bbc21ce5-eeeb-a9fd-d05f-3c8abf907ef0,7dad1498-c9ed-0e3b-aeb7-c9a4e9259ad0,469673003,Isolation gown  single-use (physical object),12
2020-03-08,bbc21ce5-eeeb-a9fd-d05f-3c8abf907ef0,7dad1498-c9ed-0e3b-aeb7-c9a4e9259ad0,706724001,Face shield (physical object),2
2020-03-08,bbc21ce5-eeeb-a9fd-d05f-3c8abf907ef0,7dad1498-c9ed-0e3b-aeb7-c9a4e9259ad0,419343004,Alcohol disinfectant (substance),1
2020-03-08,bbc21ce5-eeeb-a9fd-d05f-3c8abf907ef0,7dad1498-c9ed-0e3b-aeb7-c9a4e9259ad0,470618009,Antiseptic towelette (physical object),8
2020-03-09,bbc21ce5-eeeb-a9fd-d05f-3c8abf907ef0,7dad1498-c9ed-0e3b-aeb7-c9a4e9259ad0,409534002,Disposable air-purifying respirator (physical object),2
2020-03-09,bbc21ce5-eeeb-a9fd-d05f-3c8abf907ef0,7dad1498-c9ed-0e3b-aeb7-c9a4e9259ad0,713779008,Nitrile examination/treatment glove  non-powdered  sterile (physical object),24
2020-03-09,bbc21ce5-eeeb-a9fd-d05f-3c8abf907ef0,7dad1498-c9ed-0e3b-aeb7-c9a4e9259ad0,469673003,Isolation gown  single-use (physical object),12
2020-03-09,bbc21ce5-eeeb-a9fd-d05f-3c8abf907ef0,7dad1498-c9ed-0e3b-aeb7-c9a4e9259ad0,706724001,Face shield (physical object),2
2020-03-09,bbc21ce5-eeeb-a9fd-d05f-3c8abf907ef0,7dad1498-c9ed-0e3b-aeb7-c9a4e9259ad0,419343004,Alcohol disinfectant (substance),1
2020-03-09,bbc21ce5-eeeb-a9fd-d05f-3c8abf907ef0,7dad1498-c9ed-0e3b-aeb7-c9a4e9259ad0,470618009,Antiseptic towelette (physical object),8
2020-03-10,bbc21ce5-eeeb-a9fd-d05f-3c8abf907ef0,7dad1498-c9ed-0e3b-aeb7-c9a4e9259ad0,409534002,Disposable air-purifying respirator (physical object),2
2020-03-10,bbc21ce5-eeeb-a9fd-d05f-3c8abf907ef0,7dad1498-c9ed-0e3b-aeb7-c9a4e9259ad0,713779008,Nitrile examination/treatment glove  non-powdered  sterile (physical object),24
2020-03-10,bbc21ce5-eeeb-a9fd-d05f-3c8abf907ef0,7dad1498-c9ed-0e3b-aeb7-c9a4e9259ad0,469673003,Isolation gown  single-use (physical object),12
2020-03-10,bbc21ce5-eeeb-a9fd-d05f-3c8abf907ef0,7dad1498-c9ed-0e3b-aeb7-c9a4e9259ad0,706724001,Face shield (physical object),2
2020-03-10,bbc21ce5-eeeb-a9fd-d05f-3c8abf907ef0,7dad1498-c9ed-0e3b-aeb7-c9a4e9259ad0,419343004,Alcohol disinfectant (substance),1
2020-03-10,bbc21ce5-eeeb-a9fd-d05f-3c8abf907ef0,7dad1498-c9ed-0e3b-aeb7-c9a4e9259ad0,470618009,Antiseptic towelette (physical object),8
2020-03-11,bbc21ce5-eeeb-a9fd-d05f-3c8abf907ef0,7dad1498-c9ed-0e3b-aeb7-c9a4e9259ad0,409534002,Disposable air-purifying respirator (physical object),2
2020-03-11,bbc21ce5-eeeb-a9fd-d05f-3c8abf907ef0,7dad1498-c9ed-0e3b-aeb7-c9a4e9259ad0,713779008,Nitrile examination/treatment glove  non-powdered  sterile (physical object),24
2020-03-11,bbc21ce5-eeeb-a9fd-d05f-3c8abf907ef0,7dad1498-c9ed-0e3b-aeb7-c9a4e9259ad0,469673003,Isolation gown  single-use (physical object),12
2020-03-11,bbc21ce5-eeeb-a9fd-d05f-3c8abf907ef0,7dad1498-c9ed-0e3b-aeb7-c9a4e9259ad0,706724001,Face shield (physical object),2
2020-03-11,bbc21ce5-eeeb-a9fd-d05f-3c8abf907ef0,7dad1498-c9ed-0e3b-aeb7-c9a4e9259ad0,419343004,Alcohol disinfectant (substance),1
2020-03-11,bbc21ce5-eeeb-a9fd-d05f-3c8abf907ef0,7dad1498-c9ed-0e3b-aeb7-c9a4e9259ad0,470618009,Antiseptic towelette (physical object),8
2020-03-12,bbc21ce5-eeeb-a9fd-d05f-3c8abf907ef0,7dad1498-c9ed-0e3b-aeb7-c9a4e9259ad0,409534002,Disposable air-purifying respirator (physical object),2
2020-03-12,bbc21ce5-eeeb-a9fd-d05f-3c8abf907ef0,7dad1498-c9ed-0e3b-aeb7-c9a4e9259ad0,713779008,Nitrile examination/treatment glove  non-powdered  sterile (physical object),24
2020-03-12,bbc21ce5-eeeb-a9fd-d05f-3c8abf907ef0,7dad1498-c9ed-0e3b-aeb7-c9a4e9259ad0,469673003,Isolation gown  single-use (physical object),12
2020-03-12,bbc21ce5-eeeb-a9fd-d05f-3c8abf907ef0,7dad1498-c9ed-0e3b-aeb7-c9a4e9259ad0,706724001,Face shield (physical object),2
2020-03-12,bbc21ce5-eeeb-a9fd-d05f-3c8abf907ef0,7dad1498-c9ed-0e3b-aeb7-c9a4e9259ad0,419343004,Alcohol disinfectant (substance),1
2020-03-12,bbc21ce5-eeeb-a9fd-d05f-3c8abf907ef0,7dad1498-c9ed-0e3b-aeb7-c9a4e9259ad0,470618009,Antiseptic towelette (physical object),8
2020-03-13,bbc21ce5-eeeb-a9fd-d05f-3c8abf907ef0,7dad1498-c9ed-0e3b-aeb7-c9a4e9259ad0,409534002,Disposable air-purifying respirator (physical object),2
2020-03-13,bbc21ce5-eeeb-a9fd-d05f-3c8abf907ef0,7dad1498-c9ed-0e3b-aeb7-c9a4e9259ad0,713779008,Nitrile examination/treatment glove  non-powdered  sterile (physical object),24
2020-03-13,bbc21ce5-eeeb-a9fd-d05f-3c8abf907ef0,7dad1498-c9ed-0e3b-aeb7-c9a4e9259ad0,469673003,Isolation gown  single-use (physical object),12
2020-03-13,bbc21ce5-eeeb-a9fd-d05f-3c8abf907ef0,7dad1498-c9ed-0e3b-aeb7-c9a4e9259ad0,706724001,Face shield (physical object),2
2020-03-13,bbc21ce5-eeeb-a9fd-d05f-3c8abf907ef0,7dad1498-c9ed-0e3b-aeb7-c9a4e9259ad0,419343004,Alcohol disinfectant (substance),1
2020-03-13,bbc21ce5-eeeb-a9fd-d05f-3c8abf907ef0,7dad1498-c9ed-0e3b-aeb7-c9a4e9259ad0,470618009,Antiseptic towelette (physical object),8
2020-03-14,bbc21ce5-eeeb-a9fd-d05f-3c8abf907ef0,7dad1498-c9ed-0e3b-aeb7-c9a4e9259ad0,409534002,Disposable air-purifying respirator (physical object),2
2020-03-14,bbc21ce5-eeeb-a9fd-d05f-3c8abf907ef0,7dad1498-c9ed-0e3b-aeb7-c9a4e9259ad0,713779008,Nitrile examination/treatment glove  non-powdered  sterile (physical object),24
2020-03-14,bbc21ce5-eeeb-a9fd-d05f-3c8abf907ef0,7dad1498-c9ed-0e3b-aeb7-c9a4e9259ad0,469673003,Isolation gown  single-use (physical object),12
2020-03-14,bbc21ce5-eeeb-a9fd-d05f-3c8abf907ef0,7dad1498-c9ed-0e3b-aeb7-c9a4e9259ad0,706724001,Face shield (physical object),2
2020-03-14,bbc21ce5-eeeb-a9fd-d05f-3c8abf907ef0,7dad1498-c9ed-0e3b-aeb7-c9a4e9259ad0,419343004,Alcohol disinfectant (substance),1
2020-03-14,bbc21ce5-eeeb-a9fd-d05f-3c8abf907ef0,7dad1498-c9ed-0e3b-aeb7-c9a4e9259ad0,470618009,Antiseptic towelette (physical object),8
2020-03-15,bbc21ce5-eeeb-a9fd-d05f-3c8abf907ef0,7dad1498-c9ed-0e3b-aeb7-c9a4e9259ad0,409534002,Disposable air-purifying respirator (physical object),2
2020-03-15,bbc21ce5-eeeb-a9fd-d05f-3c8abf907ef0,7dad1498-c9ed-0e3b-aeb7-c9a4e9259ad0,713779008,Nitrile examination/treatment glove  non-powdered  sterile (physical object),24
2020-03-15,bbc21ce5-eeeb-a9fd-d05f-3c8abf907ef0,7dad1498-c9ed-0e3b-aeb7-c9a4e9259ad0,469673003,Isolation gown  single-use (physical object),12
2020-03-15,bbc21ce5-eeeb-a9fd-d05f-3c8abf907ef0,7dad1498-c9ed-0e3b-aeb7-c9a4e9259ad0,706724001,Face shield (physical object),2
2020-03-15,bbc21ce5-eeeb-a9fd-d05f-3c8abf907ef0,7dad1498-c9ed-0e3b-aeb7-c9a4e9259ad0,419343004,Alcohol disinfectant (substance),1
2020-03-15,bbc21ce5-eeeb-a9fd-d05f-3c8abf907ef0,7dad1498-c9ed-0e3b-aeb7-c9a4e9259ad0,470618009,Antiseptic towelette (physical object),8
2020-03-16,bbc21ce5-eeeb-a9fd-d05f-3c8abf907ef0,7dad1498-c9ed-0e3b-aeb7-c9a4e9259ad0,409534002,Disposable air-purifying respirator (physical object),2
2020-03-16,bbc21ce5-eeeb-a9fd-d05f-3c8abf907ef0,7dad1498-c9ed-0e3b-aeb7-c9a4e9259ad0,713779008,Nitrile examination/treatment glove  non-powdered  sterile (physical object),24
2020-03-16,bbc21ce5-eeeb-a9fd-d05f-3c8abf907ef0,7dad1498-c9ed-0e3b-aeb7-c9a4e9259ad0,469673003,Isolation gown  single-use (physical object),12
2020-03-16,bbc21ce5-eeeb-a9fd-d05f-3c8abf907ef0,7dad1498-c9ed-0e3b-aeb7-c9a4e9259ad0,706724001,Face shield (physical object),2
2020-03-16,bbc21ce5-eeeb-a9fd-d05f-3c8abf907ef0,7dad1498-c9ed-0e3b-aeb7-c9a4e9259ad0,419343004,Alcohol disinfectant (substance),1
2020-03-16,bbc21ce5-eeeb-a9fd-d05f-3c8abf907ef0,7dad1498-c9ed-0e3b-aeb7-c9a4e9259ad0,470618009,Antiseptic towelette (physical object),8
2020-03-17,bbc21ce5-eeeb-a9fd-d05f-3c8abf907ef0,7dad1498-c9ed-0e3b-aeb7-c9a4e9259ad0,409534002,Disposable air-purifying respirator (physical object),2
2020-03-17,bbc21ce5-eeeb-a9fd-d05f-3c8abf907ef0,7dad1498-c9ed-0e3b-aeb7-c9a4e9259ad0,713779008,Nitrile examination/treatment glove  non-powdered  sterile (physical object),24
2020-03-17,bbc21ce5-eeeb-a9fd-d05f-3c8abf907ef0,7dad1498-c9ed-0e3b-aeb7-c9a4e9259ad0,469673003,Isolation gown  single-use (physical object),12
2020-03-17,bbc21ce5-eeeb-a9fd-d05f-3c8abf907ef0,7dad1498-c9ed-0e3b-aeb7-c9a4e9259ad0,706724001,Face shield (physical object),2
2020-03-17,bbc21ce5-eeeb-a9fd-d05f-3c8abf907ef0,7dad1498-c9ed-0e3b-aeb7-c9a4e9259ad0,419343004,Alcohol disinfectant (substance),1
2020-03-17,bbc21ce5-eeeb-a9fd-d05f-3c8abf907ef0,7dad1498-c9ed-0e3b-aeb7-c9a4e9259ad0,470618009,Antiseptic towelette (physical object),8
2020-03-07,8985f9c0-a635-d274-19f6-f67d79a6f036,d024c37f-c261-3ac5-be40-b173ea3977e8,409534002,Disposable air-purifying respirator (physical object),2
2020-03-07,8985f9c0-a635-d274-19f6-f67d79a6f036,d024c37f-c261-3ac5-be40-b173ea3977e8,713779008,Nitrile examination/treatment glove  non-powdered  sterile (physical object),24
2020-03-07,8985f9c0-a635-d274-19f6-f67d79a6f036,d024c37f-c261-3ac5-be40-b173ea3977e8,469673003,Isolation gown  single-use (physical object),12
2020-03-07,8985f9c0-a635-d274-19f6-f67d79a6f036,d024c37f-c261-3ac5-be40-b173ea3977e8,706724001,Face shield (physical object),2
2020-03-07,8985f9c0-a635-d274-19f6-f67d79a6f036,d024c37f-c261-3ac5-be40-b173ea3977e8,419343004,Alcohol disinfectant (substance),1
2020-03-07,8985f9c0-a635-d274-19f6-f67d79a6f036,d024c37f-c261-3ac5-be40-b173ea3977e8,470618009,Antiseptic towelette (physical object),8
2020-03-08,8985f9c0-a635-d274-19f6-f67d79a6f036,d024c37f-c261-3ac5-be40-b173ea3977e8,409534002,Disposable air-purifying respirator (physical object),2
2020-03-08,8985f9c0-a635-d274-19f6-f67d79a6f036,d024c37f-c261-3ac5-be40-b173ea3977e8,713779008,Nitrile examination/treatment glove  non-powdered  sterile (physical object),24
2020-03-08,8985f9c0-a635-d274-19f6-f67d79a6f036,d024c37f-c261-3ac5-be40-b173ea3977e8,469673003,Isolation gown  single-use (physical object),12
2020-03-08,8985f9c0-a635-d274-19f6-f67d79a6f036,d024c37f-c261-3ac5-be40-b173ea3977e8,706724001,Face shield (physical object),2
2020-03-08,8985f9c0-a635-d274-19f6-f67d79a6f036,d024c37f-c261-3ac5-be40-b173ea3977e8,419343004,Alcohol disinfectant (substance),1
2020-03-08,8985f9c0-a635-d274-19f6-f67d79a6f036,d024c37f-c261-3ac5-be40-b173ea3977e8,470618009,Antiseptic towelette (physical object),8
2020-03-09,8985f9c0-a635-d274-19f6-f67d79a6f036,d024c37f-c261-3ac5-be40-b173ea3977e8,409534002,Disposable air-purifying respirator (physical object),2
2020-03-09,8985f9c0-a635-d274-19f6-f67d79a6f036,d024c37f-c261-3ac5-be40-b173ea3977e8,713779008,Nitrile examination/treatment glove  non-powdered  sterile (physical object),24
2020-03-09,8985f9c0-a635-d274-19f6-f67d79a6f036,d024c37f-c261-3ac5-be40-b173ea3977e8,469673003,Isolation gown  single-use (physical object),12
2020-03-09,8985f9c0-a635-d274-19f6-f67d79a6f036,d024c37f-c261-3ac5-be40-b173ea3977e8,706724001,Face shield (physical object),2
2020-03-09,8985f9c0-a635-d274-19f6-f67d79a6f036,d024c37f-c261-3ac5-be40-b173ea3977e8,419343004,Alcohol disinfectant (substance),1
2020-03-09,8985f9c0-a635-d274-19f6-f67d79a6f036,d024c37f-c261-3ac5-be40-b173ea3977e8,470618009,Antiseptic towelette (physical object),8
2020-03-10,8985f9c0-a635-d274-19f6-f67d79a6f036,d024c37f-c261-3ac5-be40-b173ea3977e8,409534002,Disposable air-purifying respirator (physical object),2
2020-03-10,8985f9c0-a635-d274-19f6-f67d79a6f036,d024c37f-c261-3ac5-be40-b173ea3977e8,713779008,Nitrile examination/treatment glove  non-powdered  sterile (physical object),24
2020-03-10,8985f9c0-a635-d274-19f6-f67d79a6f036,d024c37f-c261-3ac5-be40-b173ea3977e8,469673003,Isolation gown  single-use (physical object),12
2020-03-10,8985f9c0-a635-d274-19f6-f67d79a6f036,d024c37f-c261-3ac5-be40-b173ea3977e8,706724001,Face shield (physical object),2
2020-03-10,8985f9c0-a635-d274-19f6-f67d79a6f036,d024c37f-c261-3ac5-be40-b173ea3977e8,419343004,Alcohol disinfectant (substance),1
2020-03-10,8985f9c0-a635-d274-19f6-f67d79a6f036,d024c37f-c261-3ac5-be40-b173ea3977e8,470618009,Antiseptic towelette (physical object),8
2020-03-11,8985f9c0-a635-d274-19f6-f67d79a6f036,d024c37f-c261-3ac5-be40-b173ea3977e8,409534002,Disposable air-purifying respirator (physical object),2
2020-03-11,8985f9c0-a635-d274-19f6-f67d79a6f036,d024c37f-c261-3ac5-be40-b173ea3977e8,713779008,Nitrile examination/treatment glove  non-powdered  sterile (physical object),24
2020-03-11,8985f9c0-a635-d274-19f6-f67d79a6f036,d024c37f-c261-3ac5-be40-b173ea3977e8,469673003,Isolation gown  single-use (physical object),12
2020-03-11,8985f9c0-a635-d274-19f6-f67d79a6f036,d024c37f-c261-3ac5-be40-b173ea3977e8,706724001,Face shield (physical object),2
2020-03-11,8985f9c0-a635-d274-19f6-f67d79a6f036,d024c37f-c261-3ac5-be40-b173ea3977e8,419343004,Alcohol disinfectant (substance),1
2020-03-11,8985f9c0-a635-d274-19f6-f67d79a6f036,d024c37f-c261-3ac5-be40-b173ea3977e8,470618009,Antiseptic towelette (physical object),8
2020-03-11,8985f9c0-a635-d274-19f6-f67d79a6f036,1486076c-032f-8f96-8950-825454f64975,713779008,Nitrile examination/treatment glove  non-powdered  sterile (physical object),8
2020-03-11,8985f9c0-a635-d274-19f6-f67d79a6f036,1486076c-032f-8f96-8950-825454f64975,469673003,Isolation gown  single-use (physical object),2
2020-03-11,8985f9c0-a635-d274-19f6-f67d79a6f036,1486076c-032f-8f96-8950-825454f64975,463983006,Operating room gown  single-use (physical object),1
2020-03-11,8985f9c0-a635-d274-19f6-f67d79a6f036,1486076c-032f-8f96-8950-825454f64975,465668002,Surgical cap  single-use (physical object),1
2020-03-11,8985f9c0-a635-d274-19f6-f67d79a6f036,1486076c-032f-8f96-8950-825454f64975,409534002,Disposable air-purifying respirator (physical object),3
2020-03-11,8985f9c0-a635-d274-19f6-f67d79a6f036,1486076c-032f-8f96-8950-825454f64975,38126007,Protective glasses  device (physical object),3
2020-03-11,8985f9c0-a635-d274-19f6-f67d79a6f036,1486076c-032f-8f96-8950-825454f64975,419343004,Alcohol disinfectant (substance),1
2020-03-11,8985f9c0-a635-d274-19f6-f67d79a6f036,1486076c-032f-8f96-8950-825454f64975,470618009,Antiseptic towelette (physical object),1
2020-03-11,8985f9c0-a635-d274-19f6-f67d79a6f036,1486076c-032f-8f96-8950-825454f64975,470609007,Laryngoscope blade  single-use (physical object),1
2020-03-11,8985f9c0-a635-d274-19f6-f67d79a6f036,1486076c-032f-8f96-8950-825454f64975,467053003,Basic endotracheal tube  single-use (physical object),1
2020-03-11,8985f9c0-a635-d274-19f6-f67d79a6f036,1486076c-032f-8f96-8950-825454f64975,468507004,Endotracheal tube stylet  single-use (physical object),1
2020-03-11,8985f9c0-a635-d274-19f6-f67d79a6f036,1486076c-032f-8f96-8950-825454f64975,61968008,Syringe  device (physical object),2
2020-03-11,8985f9c0-a635-d274-19f6-f67d79a6f036,1486076c-032f-8f96-8950-825454f64975,706092000,Suction system (physical object),1
2020-03-11,8985f9c0-a635-d274-19f6-f67d79a6f036,1486076c-032f-8f96-8950-825454f64975,706774004,Lubricant (physical object),1
2020-03-11,8985f9c0-a635-d274-19f6-f67d79a6f036,1486076c-032f-8f96-8950-825454f64975,468601005,Endotracheal tube holder (physical object),1
2020-03-11,8985f9c0-a635-d274-19f6-f67d79a6f036,1486076c-032f-8f96-8950-825454f64975,701434005,Viral filter (physical object),1
2020-03-11,8985f9c0-a635-d274-19f6-f67d79a6f036,1486076c-032f-8f96-8950-825454f64975,827149008,Carbon dioxide breath analyzer (physical object),1
2020-03-11,8985f9c0-a635-d274-19f6-f67d79a6f036,1486076c-032f-8f96-8950-825454f64975,17102003,Nasogastric tube  device (physical object),1
2020-03-11,8985f9c0-a635-d274-19f6-f67d79a6f036,1486076c-032f-8f96-8950-825454f64975,713779008,Nitrile examination/treatment glove  non-powdered  sterile (physical object),44
2020-03-11,8985f9c0-a635-d274-19f6-f67d79a6f036,1486076c-032f-8f96-8950-825454f64975,469212006,Isolation gown  reusable (physical object),2
2020-03-11,8985f9c0-a635-d274-19f6-f67d79a6f036,1486076c-032f-8f96-8950-825454f64975,469673003,Isolation gown  single-use (physical object),10
2020-03-11,8985f9c0-a635-d274-19f6-f67d79a6f036,1486076c-032f-8f96-8950-825454f64975,409534002,Disposable air-purifying respirator (physical object),2
2020-03-11,8985f9c0-a635-d274-19f6-f67d79a6f036,1486076c-032f-8f96-8950-825454f64975,706724001,Face shield (physical object),2
2020-03-11,8985f9c0-a635-d274-19f6-f67d79a6f036,1486076c-032f-8f96-8950-825454f64975,419343004,Alcohol disinfectant (substance),2
2020-03-11,8985f9c0-a635-d274-19f6-f67d79a6f036,1486076c-032f-8f96-8950-825454f64975,470618009,Antiseptic towelette (physical object),16
2020-03-12,8985f9c0-a635-d274-19f6-f67d79a6f036,1486076c-032f-8f96-8950-825454f64975,713779008,Nitrile examination/treatment glove  non-powdered  sterile (physical object),44
2020-03-12,8985f9c0-a635-d274-19f6-f67d79a6f036,1486076c-032f-8f96-8950-825454f64975,469212006,Isolation gown  reusable (physical object),2
2020-03-12,8985f9c0-a635-d274-19f6-f67d79a6f036,1486076c-032f-8f96-8950-825454f64975,469673003,Isolation gown  single-use (physical object),10
2020-03-12,8985f9c0-a635-d274-19f6-f67d79a6f036,1486076c-032f-8f96-8950-825454f64975,409534002,Disposable air-purifying respirator (physical object),2
2020-03-12,8985f9c0-a635-d274-19f6-f67d79a6f036,1486076c-032f-8f96-8950-825454f64975,706724001,Face shield (physical object),2
2020-03-12,8985f9c0-a635-d274-19f6-f67d79a6f036,1486076c-032f-8f96-8950-825454f64975,419343004,Alcohol disinfectant (substance),2
2020-03-12,8985f9c0-a635-d274-19f6-f67d79a6f036,1486076c-032f-8f96-8950-825454f64975,470618009,Antiseptic towelette (physical object),16
2020-03-13,8985f9c0-a635-d274-19f6-f67d79a6f036,1486076c-032f-8f96-8950-825454f64975,713779008,Nitrile examination/treatment glove  non-powdered  sterile (physical object),44
2020-03-13,8985f9c0-a635-d274-19f6-f67d79a6f036,1486076c-032f-8f96-8950-825454f64975,469212006,Isolation gown  reusable (physical object),2
2020-03-13,8985f9c0-a635-d274-19f6-f67d79a6f036,1486076c-032f-8f96-8950-825454f64975,469673003,Isolation gown  single-use (physical object),10
2020-03-13,8985f9c0-a635-d274-19f6-f67d79a6f036,1486076c-032f-8f96-8950-825454f64975,409534002,Disposable air-purifying respirator (physical object),2
2020-03-13,8985f9c0-a635-d274-19f6-f67d79a6f036,1486076c-032f-8f96-8950-825454f64975,706724001,Face shield (physical object),2
2020-03-13,8985f9c0-a635-d274-19f6-f67d79a6f036,1486076c-032f-8f96-8950-825454f64975,419343004,Alcohol disinfectant (substance),2
2020-03-13,8985f9c0-a635-d274-19f6-f67d79a6f036,1486076c-032f-8f96-8950-825454f64975,470618009,Antiseptic towelette (physical object),16
2020-03-14,8985f9c0-a635-d274-19f6-f67d79a6f036,1486076c-032f-8f96-8950-825454f64975,713779008,Nitrile examination/treatment glove  non-powdered  sterile (physical object),44
2020-03-14,8985f9c0-a635-d274-19f6-f67d79a6f036,1486076c-032f-8f96-8950-825454f64975,469212006,Isolation gown  reusable (physical object),2
2020-03-14,8985f9c0-a635-d274-19f6-f67d79a6f036,1486076c-032f-8f96-8950-825454f64975,469673003,Isolation gown  single-use (physical object),10
2020-03-14,8985f9c0-a635-d274-19f6-f67d79a6f036,1486076c-032f-8f96-8950-825454f64975,409534002,Disposable air-purifying respirator (physical object),2
2020-03-14,8985f9c0-a635-d274-19f6-f67d79a6f036,1486076c-032f-8f96-8950-825454f64975,706724001,Face shield (physical object),2
2020-03-14,8985f9c0-a635-d274-19f6-f67d79a6f036,1486076c-032f-8f96-8950-825454f64975,419343004,Alcohol disinfectant (substance),2
2020-03-14,8985f9c0-a635-d274-19f6-f67d79a6f036,1486076c-032f-8f96-8950-825454f64975,470618009,Antiseptic towelette (physical object),16
2020-03-15,8985f9c0-a635-d274-19f6-f67d79a6f036,1486076c-032f-8f96-8950-825454f64975,713779008,Nitrile examination/treatment glove  non-powdered  sterile (physical object),44
2020-03-15,8985f9c0-a635-d274-19f6-f67d79a6f036,1486076c-032f-8f96-8950-825454f64975,469212006,Isolation gown  reusable (physical object),2
2020-03-15,8985f9c0-a635-d274-19f6-f67d79a6f036,1486076c-032f-8f96-8950-825454f64975,469673003,Isolation gown  single-use (physical object),10
2020-03-15,8985f9c0-a635-d274-19f6-f67d79a6f036,1486076c-032f-8f96-8950-825454f64975,409534002,Disposable air-purifying respirator (physical object),2
2020-03-15,8985f9c0-a635-d274-19f6-f67d79a6f036,1486076c-032f-8f96-8950-825454f64975,706724001,Face shield (physical object),2
2020-03-15,8985f9c0-a635-d274-19f6-f67d79a6f036,1486076c-032f-8f96-8950-825454f64975,419343004,Alcohol disinfectant (substance),2
2020-03-15,8985f9c0-a635-d274-19f6-f67d79a6f036,1486076c-032f-8f96-8950-825454f64975,470618009,Antiseptic towelette (physical object),16
2020-03-16,8985f9c0-a635-d274-19f6-f67d79a6f036,1486076c-032f-8f96-8950-825454f64975,713779008,Nitrile examination/treatment glove  non-powdered  sterile (physical object),44
2020-03-16,8985f9c0-a635-d274-19f6-f67d79a6f036,1486076c-032f-8f96-8950-825454f64975,469212006,Isolation gown  reusable (physical object),2
2020-03-16,8985f9c0-a635-d274-19f6-f67d79a6f036,1486076c-032f-8f96-8950-825454f64975,469673003,Isolation gown  single-use (physical object),10
2020-03-16,8985f9c0-a635-d274-19f6-f67d79a6f036,1486076c-032f-8f96-8950-825454f64975,409534002,Disposable air-purifying respirator (physical object),2
2020-03-16,8985f9c0-a635-d274-19f6-f67d79a6f036,1486076c-032f-8f96-8950-825454f64975,706724001,Face shield (physical object),2
2020-03-16,8985f9c0-a635-d274-19f6-f67d79a6f036,1486076c-032f-8f96-8950-825454f64975,419343004,Alcohol disinfectant (substance),2
2020-03-16,8985f9c0-a635-d274-19f6-f67d79a6f036,1486076c-032f-8f96-8950-825454f64975,470618009,Antiseptic towelette (physical object),16
2020-03-17,8985f9c0-a635-d274-19f6-f67d79a6f036,1486076c-032f-8f96-8950-825454f64975,713779008,Nitrile examination/treatment glove  non-powdered  sterile (physical object),44
2020-03-17,8985f9c0-a635-d274-19f6-f67d79a6f036,1486076c-032f-8f96-8950-825454f64975,469212006,Isolation gown  reusable (physical object),2
2020-03-17,8985f9c0-a635-d274-19f6-f67d79a6f036,1486076c-032f-8f96-8950-825454f64975,469673003,Isolation gown  single-use (physical object),10
2020-03-17,8985f9c0-a635-d274-19f6-f67d79a6f036,1486076c-032f-8f96-8950-825454f64975,409534002,Disposable air-purifying respirator (physical object),2
2020-03-17,8985f9c0-a635-d274-19f6-f67d79a6f036,1486076c-032f-8f96-8950-825454f64975,706724001,Face shield (physical object),2
2020-03-17,8985f9c0-a635-d274-19f6-f67d79a6f036,1486076c-032f-8f96-8950-825454f64975,419343004,Alcohol disinfectant (substance),2
2020-03-17,8985f9c0-a635-d274-19f6-f67d79a6f036,1486076c-032f-8f96-8950-825454f64975,470618009,Antiseptic towelette (physical object),16
2020-03-18,8985f9c0-a635-d274-19f6-f67d79a6f036,1486076c-032f-8f96-8950-825454f64975,713779008,Nitrile examination/treatment glove  non-powdered  sterile (physical object),44
2020-03-18,8985f9c0-a635-d274-19f6-f67d79a6f036,1486076c-032f-8f96-8950-825454f64975,469212006,Isolation gown  reusable (physical object),2
2020-03-18,8985f9c0-a635-d274-19f6-f67d79a6f036,1486076c-032f-8f96-8950-825454f64975,469673003,Isolation gown  single-use (physical object),10
2020-03-18,8985f9c0-a635-d274-19f6-f67d79a6f036,1486076c-032f-8f96-8950-825454f64975,409534002,Disposable air-purifying respirator (physical object),2
2020-03-18,8985f9c0-a635-d274-19f6-f67d79a6f036,1486076c-032f-8f96-8950-825454f64975,706724001,Face shield (physical object),2
2020-03-18,8985f9c0-a635-d274-19f6-f67d79a6f036,1486076c-032f-8f96-8950-825454f64975,419343004,Alcohol disinfectant (substance),2
2020-03-18,8985f9c0-a635-d274-19f6-f67d79a6f036,1486076c-032f-8f96-8950-825454f64975,470618009,Antiseptic towelette (physical object),16
2020-03-19,8985f9c0-a635-d274-19f6-f67d79a6f036,1486076c-032f-8f96-8950-825454f64975,713779008,Nitrile examination/treatment glove  non-powdered  sterile (physical object),44
2020-03-19,8985f9c0-a635-d274-19f6-f67d79a6f036,1486076c-032f-8f96-8950-825454f64975,469212006,Isolation gown  reusable (physical object),2
2020-03-19,8985f9c0-a635-d274-19f6-f67d79a6f036,1486076c-032f-8f96-8950-825454f64975,469673003,Isolation gown  single-use (physical object),10
2020-03-19,8985f9c0-a635-d274-19f6-f67d79a6f036,1486076c-032f-8f96-8950-825454f64975,409534002,Disposable air-purifying respirator (physical object),2
2020-03-19,8985f9c0-a635-d274-19f6-f67d79a6f036,1486076c-032f-8f96-8950-825454f64975,706724001,Face shield (physical object),2
2020-03-19,8985f9c0-a635-d274-19f6-f67d79a6f036,1486076c-032f-8f96-8950-825454f64975,419343004,Alcohol disinfectant (substance),2
2020-03-19,8985f9c0-a635-d274-19f6-f67d79a6f036,1486076c-032f-8f96-8950-825454f64975,470618009,Antiseptic towelette (physical object),16
2020-02-28,ecbe9c84-07a0-5cc3-c81c-28e178090ac5,b77f1375-b8f9-3df3-0c68-5f10a653cc9f,409534002,Disposable air-purifying respirator (physical object),2
2020-02-28,ecbe9c84-07a0-5cc3-c81c-28e178090ac5,b77f1375-b8f9-3df3-0c68-5f10a653cc9f,713779008,Nitrile examination/treatment glove  non-powdered  sterile (physical object),24
2020-02-28,ecbe9c84-07a0-5cc3-c81c-28e178090ac5,b77f1375-b8f9-3df3-0c68-5f10a653cc9f,469673003,Isolation gown  single-use (physical object),12
2020-02-28,ecbe9c84-07a0-5cc3-c81c-28e178090ac5,b77f1375-b8f9-3df3-0c68-5f10a653cc9f,706724001,Face shield (physical object),2
2020-02-28,ecbe9c84-07a0-5cc3-c81c-28e178090ac5,b77f1375-b8f9-3df3-0c68-5f10a653cc9f,419343004,Alcohol disinfectant (substance),1
2020-02-28,ecbe9c84-07a0-5cc3-c81c-28e178090ac5,b77f1375-b8f9-3df3-0c68-5f10a653cc9f,470618009,Antiseptic towelette (physical object),8
2020-02-29,ecbe9c84-07a0-5cc3-c81c-28e178090ac5,b77f1375-b8f9-3df3-0c68-5f10a653cc9f,409534002,Disposable air-purifying respirator (physical object),2
2020-02-29,ecbe9c84-07a0-5cc3-c81c-28e178090ac5,b77f1375-b8f9-3df3-0c68-5f10a653cc9f,713779008,Nitrile examination/treatment glove  non-powdered  sterile (physical object),24
2020-02-29,ecbe9c84-07a0-5cc3-c81c-28e178090ac5,b77f1375-b8f9-3df3-0c68-5f10a653cc9f,469673003,Isolation gown  single-use (physical object),12
2020-02-29,ecbe9c84-07a0-5cc3-c81c-28e178090ac5,b77f1375-b8f9-3df3-0c68-5f10a653cc9f,706724001,Face shield (physical object),2
2020-02-29,ecbe9c84-07a0-5cc3-c81c-28e178090ac5,b77f1375-b8f9-3df3-0c68-5f10a653cc9f,419343004,Alcohol disinfectant (substance),1
2020-02-29,ecbe9c84-07a0-5cc3-c81c-28e178090ac5,b77f1375-b8f9-3df3-0c68-5f10a653cc9f,470618009,Antiseptic towelette (physical object),8
2020-03-01,ecbe9c84-07a0-5cc3-c81c-28e178090ac5,b77f1375-b8f9-3df3-0c68-5f10a653cc9f,409534002,Disposable air-purifying respirator (physical object),2
2020-03-01,ecbe9c84-07a0-5cc3-c81c-28e178090ac5,b77f1375-b8f9-3df3-0c68-5f10a653cc9f,713779008,Nitrile examination/treatment glove  non-powdered  sterile (physical object),24
2020-03-01,ecbe9c84-07a0-5cc3-c81c-28e178090ac5,b77f1375-b8f9-3df3-0c68-5f10a653cc9f,469673003,Isolation gown  single-use (physical object),12
2020-03-01,ecbe9c84-07a0-5cc3-c81c-28e178090ac5,b77f1375-b8f9-3df3-0c68-5f10a653cc9f,706724001,Face shield (physical object),2
2020-03-01,ecbe9c84-07a0-5cc3-c81c-28e178090ac5,b77f1375-b8f9-3df3-0c68-5f10a653cc9f,419343004,Alcohol disinfectant (substance),1
2020-03-01,ecbe9c84-07a0-5cc3-c81c-28e178090ac5,b77f1375-b8f9-3df3-0c68-5f10a653cc9f,470618009,Antiseptic towelette (physical object),8
2020-03-02,ecbe9c84-07a0-5cc3-c81c-28e178090ac5,b77f1375-b8f9-3df3-0c68-5f10a653cc9f,409534002,Disposable air-purifying respirator (physical object),2
2020-03-02,ecbe9c84-07a0-5cc3-c81c-28e178090ac5,b77f1375-b8f9-3df3-0c68-5f10a653cc9f,713779008,Nitrile examination/treatment glove  non-powdered  sterile (physical object),24
2020-03-02,ecbe9c84-07a0-5cc3-c81c-28e178090ac5,b77f1375-b8f9-3df3-0c68-5f10a653cc9f,469673003,Isolation gown  single-use (physical object),12
2020-03-02,ecbe9c84-07a0-5cc3-c81c-28e178090ac5,b77f1375-b8f9-3df3-0c68-5f10a653cc9f,706724001,Face shield (physical object),2
2020-03-02,ecbe9c84-07a0-5cc3-c81c-28e178090ac5,b77f1375-b8f9-3df3-0c68-5f10a653cc9f,419343004,Alcohol disinfectant (substance),1
2020-03-02,ecbe9c84-07a0-5cc3-c81c-28e178090ac5,b77f1375-b8f9-3df3-0c68-5f10a653cc9f,470618009,Antiseptic towelette (physical object),8
2020-03-03,ecbe9c84-07a0-5cc3-c81c-28e178090ac5,b77f1375-b8f9-3df3-0c68-5f10a653cc9f,409534002,Disposable air-purifying respirator (physical object),2
2020-03-03,ecbe9c84-07a0-5cc3-c81c-28e178090ac5,b77f1375-b8f9-3df3-0c68-5f10a653cc9f,713779008,Nitrile examination/treatment glove  non-powdered  sterile (physical object),24
2020-03-03,ecbe9c84-07a0-5cc3-c81c-28e178090ac5,b77f1375-b8f9-3df3-0c68-5f10a653cc9f,469673003,Isolation gown  single-use (physical object),12
2020-03-03,ecbe9c84-07a0-5cc3-c81c-28e178090ac5,b77f1375-b8f9-3df3-0c68-5f10a653cc9f,706724001,Face shield (physical object),2
2020-03-03,ecbe9c84-07a0-5cc3-c81c-28e178090ac5,b77f1375-b8f9-3df3-0c68-5f10a653cc9f,419343004,Alcohol disinfectant (substance),1
2020-03-03,ecbe9c84-07a0-5cc3-c81c-28e178090ac5,b77f1375-b8f9-3df3-0c68-5f10a653cc9f,470618009,Antiseptic towelette (physical object),8
2020-03-04,ecbe9c84-07a0-5cc3-c81c-28e178090ac5,b77f1375-b8f9-3df3-0c68-5f10a653cc9f,409534002,Disposable air-purifying respirator (physical object),2
2020-03-04,ecbe9c84-07a0-5cc3-c81c-28e178090ac5,b77f1375-b8f9-3df3-0c68-5f10a653cc9f,713779008,Nitrile examination/treatment glove  non-powdered  sterile (physical object),24
2020-03-04,ecbe9c84-07a0-5cc3-c81c-28e178090ac5,b77f1375-b8f9-3df3-0c68-5f10a653cc9f,469673003,Isolation gown  single-use (physical object),12
2020-03-04,ecbe9c84-07a0-5cc3-c81c-28e178090ac5,b77f1375-b8f9-3df3-0c68-5f10a653cc9f,706724001,Face shield (physical object),2
2020-03-04,ecbe9c84-07a0-5cc3-c81c-28e178090ac5,b77f1375-b8f9-3df3-0c68-5f10a653cc9f,419343004,Alcohol disinfectant (substance),1
2020-03-04,ecbe9c84-07a0-5cc3-c81c-28e178090ac5,b77f1375-b8f9-3df3-0c68-5f10a653cc9f,470618009,Antiseptic towelette (physical object),8
2020-03-05,ecbe9c84-07a0-5cc3-c81c-28e178090ac5,b77f1375-b8f9-3df3-0c68-5f10a653cc9f,409534002,Disposable air-purifying respirator (physical object),2
2020-03-05,ecbe9c84-07a0-5cc3-c81c-28e178090ac5,b77f1375-b8f9-3df3-0c68-5f10a653cc9f,713779008,Nitrile examination/treatment glove  non-powdered  sterile (physical object),24
2020-03-05,ecbe9c84-07a0-5cc3-c81c-28e178090ac5,b77f1375-b8f9-3df3-0c68-5f10a653cc9f,469673003,Isolation gown  single-use (physical object),12
2020-03-05,ecbe9c84-07a0-5cc3-c81c-28e178090ac5,b77f1375-b8f9-3df3-0c68-5f10a653cc9f,706724001,Face shield (physical object),2
2020-03-05,ecbe9c84-07a0-5cc3-c81c-28e178090ac5,b77f1375-b8f9-3df3-0c68-5f10a653cc9f,419343004,Alcohol disinfectant (substance),1
2020-03-05,ecbe9c84-07a0-5cc3-c81c-28e178090ac5,b77f1375-b8f9-3df3-0c68-5f10a653cc9f,470618009,Antiseptic towelette (physical object),8
2020-03-06,ecbe9c84-07a0-5cc3-c81c-28e178090ac5,b77f1375-b8f9-3df3-0c68-5f10a653cc9f,409534002,Disposable air-purifying respirator (physical object),2
2020-03-06,ecbe9c84-07a0-5cc3-c81c-28e178090ac5,b77f1375-b8f9-3df3-0c68-5f10a653cc9f,713779008,Nitrile examination/treatment glove  non-powdered  sterile (physical object),24
2020-03-06,ecbe9c84-07a0-5cc3-c81c-28e178090ac5,b77f1375-b8f9-3df3-0c68-5f10a653cc9f,469673003,Isolation gown  single-use (physical object),12
2020-03-06,ecbe9c84-07a0-5cc3-c81c-28e178090ac5,b77f1375-b8f9-3df3-0c68-5f10a653cc9f,706724001,Face shield (physical object),2
2020-03-06,ecbe9c84-07a0-5cc3-c81c-28e178090ac5,b77f1375-b8f9-3df3-0c68-5f10a653cc9f,419343004,Alcohol disinfectant (substance),1
2020-03-06,ecbe9c84-07a0-5cc3-c81c-28e178090ac5,b77f1375-b8f9-3df3-0c68-5f10a653cc9f,470618009,Antiseptic towelette (physical object),8
2020-03-07,ecbe9c84-07a0-5cc3-c81c-28e178090ac5,b77f1375-b8f9-3df3-0c68-5f10a653cc9f,409534002,Disposable air-purifying respirator (physical object),2
2020-03-07,ecbe9c84-07a0-5cc3-c81c-28e178090ac5,b77f1375-b8f9-3df3-0c68-5f10a653cc9f,713779008,Nitrile examination/treatment glove  non-powdered  sterile (physical object),24
2020-03-07,ecbe9c84-07a0-5cc3-c81c-28e178090ac5,b77f1375-b8f9-3df3-0c68-5f10a653cc9f,469673003,Isolation gown  single-use (physical object),12
2020-03-07,ecbe9c84-07a0-5cc3-c81c-28e178090ac5,b77f1375-b8f9-3df3-0c68-5f10a653cc9f,706724001,Face shield (physical object),2
2020-03-07,ecbe9c84-07a0-5cc3-c81c-28e178090ac5,b77f1375-b8f9-3df3-0c68-5f10a653cc9f,419343004,Alcohol disinfectant (substance),1
2020-03-07,ecbe9c84-07a0-5cc3-c81c-28e178090ac5,b77f1375-b8f9-3df3-0c68-5f10a653cc9f,470618009,Antiseptic towelette (physical object),8
2020-03-08,ecbe9c84-07a0-5cc3-c81c-28e178090ac5,b77f1375-b8f9-3df3-0c68-5f10a653cc9f,409534002,Disposable air-purifying respirator (physical object),2
2020-03-08,ecbe9c84-07a0-5cc3-c81c-28e178090ac5,b77f1375-b8f9-3df3-0c68-5f10a653cc9f,713779008,Nitrile examination/treatment glove  non-powdered  sterile (physical object),24
2020-03-08,ecbe9c84-07a0-5cc3-c81c-28e178090ac5,b77f1375-b8f9-3df3-0c68-5f10a653cc9f,469673003,Isolation gown  single-use (physical object),12
2020-03-08,ecbe9c84-07a0-5cc3-c81c-28e178090ac5,b77f1375-b8f9-3df3-0c68-5f10a653cc9f,706724001,Face shield (physical object),2
2020-03-08,ecbe9c84-07a0-5cc3-c81c-28e178090ac5,b77f1375-b8f9-3df3-0c68-5f10a653cc9f,419343004,Alcohol disinfectant (substance),1
2020-03-08,ecbe9c84-07a0-5cc3-c81c-28e178090ac5,b77f1375-b8f9-3df3-0c68-5f10a653cc9f,470618009,Antiseptic towelette (physical object),8
2020-03-09,ecbe9c84-07a0-5cc3-c81c-28e178090ac5,b77f1375-b8f9-3df3-0c68-5f10a653cc9f,409534002,Disposable air-purifying respirator (physical object),2
2020-03-09,ecbe9c84-07a0-5cc3-c81c-28e178090ac5,b77f1375-b8f9-3df3-0c68-5f10a653cc9f,713779008,Nitrile examination/treatment glove  non-powdered  sterile (physical object),24
2020-03-09,ecbe9c84-07a0-5cc3-c81c-28e178090ac5,b77f1375-b8f9-3df3-0c68-5f10a653cc9f,469673003,Isolation gown  single-use (physical object),12
2020-03-09,ecbe9c84-07a0-5cc3-c81c-28e178090ac5,b77f1375-b8f9-3df3-0c68-5f10a653cc9f,706724001,Face shield (physical object),2
2020-03-09,ecbe9c84-07a0-5cc3-c81c-28e178090ac5,b77f1375-b8f9-3df3-0c68-5f10a653cc9f,419343004,Alcohol disinfectant (substance),1
2020-03-09,ecbe9c84-07a0-5cc3-c81c-28e178090ac5,b77f1375-b8f9-3df3-0c68-5f10a653cc9f,470618009,Antiseptic towelette (physical object),8
2020-03-10,ecbe9c84-07a0-5cc3-c81c-28e178090ac5,b77f1375-b8f9-3df3-0c68-5f10a653cc9f,409534002,Disposable air-purifying respirator (physical object),2
2020-03-10,ecbe9c84-07a0-5cc3-c81c-28e178090ac5,b77f1375-b8f9-3df3-0c68-5f10a653cc9f,713779008,Nitrile examination/treatment glove  non-powdered  sterile (physical object),24
2020-03-10,ecbe9c84-07a0-5cc3-c81c-28e178090ac5,b77f1375-b8f9-3df3-0c68-5f10a653cc9f,469673003,Isolation gown  single-use (physical object),12
2020-03-10,ecbe9c84-07a0-5cc3-c81c-28e178090ac5,b77f1375-b8f9-3df3-0c68-5f10a653cc9f,706724001,Face shield (physical object),2
2020-03-10,ecbe9c84-07a0-5cc3-c81c-28e178090ac5,b77f1375-b8f9-3df3-0c68-5f10a653cc9f,419343004,Alcohol disinfectant (substance),1
2020-03-10,ecbe9c84-07a0-5cc3-c81c-28e178090ac5,b77f1375-b8f9-3df3-0c68-5f10a653cc9f,470618009,Antiseptic towelette (physical object),8
2020-03-11,ecbe9c84-07a0-5cc3-c81c-28e178090ac5,b77f1375-b8f9-3df3-0c68-5f10a653cc9f,409534002,Disposable air-purifying respirator (physical object),2
2020-03-11,ecbe9c84-07a0-5cc3-c81c-28e178090ac5,b77f1375-b8f9-3df3-0c68-5f10a653cc9f,713779008,Nitrile examination/treatment glove  non-powdered  sterile (physical object),24
2020-03-11,ecbe9c84-07a0-5cc3-c81c-28e178090ac5,b77f1375-b8f9-3df3-0c68-5f10a653cc9f,469673003,Isolation gown  single-use (physical object),12
2020-03-11,ecbe9c84-07a0-5cc3-c81c-28e178090ac5,b77f1375-b8f9-3df3-0c68-5f10a653cc9f,706724001,Face shield (physical object),2
2020-03-11,ecbe9c84-07a0-5cc3-c81c-28e178090ac5,b77f1375-b8f9-3df3-0c68-5f10a653cc9f,419343004,Alcohol disinfectant (substance),1
2020-03-11,ecbe9c84-07a0-5cc3-c81c-28e178090ac5,b77f1375-b8f9-3df3-0c68-5f10a653cc9f,470618009,Antiseptic towelette (physical object),8
2020-03-12,ecbe9c84-07a0-5cc3-c81c-28e178090ac5,b77f1375-b8f9-3df3-0c68-5f10a653cc9f,409534002,Disposable air-purifying respirator (physical object),2
2020-03-12,ecbe9c84-07a0-5cc3-c81c-28e178090ac5,b77f1375-b8f9-3df3-0c68-5f10a653cc9f,713779008,Nitrile examination/treatment glove  non-powdered  sterile (physical object),24
2020-03-12,ecbe9c84-07a0-5cc3-c81c-28e178090ac5,b77f1375-b8f9-3df3-0c68-5f10a653cc9f,469673003,Isolation gown  single-use (physical object),12
2020-03-12,ecbe9c84-07a0-5cc3-c81c-28e178090ac5,b77f1375-b8f9-3df3-0c68-5f10a653cc9f,706724001,Face shield (physical object),2
2020-03-12,ecbe9c84-07a0-5cc3-c81c-28e178090ac5,b77f1375-b8f9-3df3-0c68-5f10a653cc9f,419343004,Alcohol disinfectant (substance),1
2020-03-12,ecbe9c84-07a0-5cc3-c81c-28e178090ac5,b77f1375-b8f9-3df3-0c68-5f10a653cc9f,470618009,Antiseptic towelette (physical object),8
2020-02-23,83b256d4-6f01-aa11-0d94-154814d7cc50,e0130693-7fac-3e34-6b9e-114a53befef4,409534002,Disposable air-purifying respirator (physical object),2
2020-02-23,83b256d4-6f01-aa11-0d94-154814d7cc50,e0130693-7fac-3e34-6b9e-114a53befef4,713779008,Nitrile examination/treatment glove  non-powdered  sterile (physical object),24
2020-02-23,83b256d4-6f01-aa11-0d94-154814d7cc50,e0130693-7fac-3e34-6b9e-114a53befef4,469673003,Isolation gown  single-use (physical object),12
2020-02-23,83b256d4-6f01-aa11-0d94-154814d7cc50,e0130693-7fac-3e34-6b9e-114a53befef4,706724001,Face shield (physical object),2
2020-02-23,83b256d4-6f01-aa11-0d94-154814d7cc50,e0130693-7fac-3e34-6b9e-114a53befef4,419343004,Alcohol disinfectant (substance),1
2020-02-23,83b256d4-6f01-aa11-0d94-154814d7cc50,e0130693-7fac-3e34-6b9e-114a53befef4,470618009,Antiseptic towelette (physical object),8
2020-02-24,83b256d4-6f01-aa11-0d94-154814d7cc50,e0130693-7fac-3e34-6b9e-114a53befef4,409534002,Disposable air-purifying respirator (physical object),2
2020-02-24,83b256d4-6f01-aa11-0d94-154814d7cc50,e0130693-7fac-3e34-6b9e-114a53befef4,713779008,Nitrile examination/treatment glove  non-powdered  sterile (physical object),24
2020-02-24,83b256d4-6f01-aa11-0d94-154814d7cc50,e0130693-7fac-3e34-6b9e-114a53befef4,469673003,Isolation gown  single-use (physical object),12
2020-02-24,83b256d4-6f01-aa11-0d94-154814d7cc50,e0130693-7fac-3e34-6b9e-114a53befef4,706724001,Face shield (physical object),2
2020-02-24,83b256d4-6f01-aa11-0d94-154814d7cc50,e0130693-7fac-3e34-6b9e-114a53befef4,419343004,Alcohol disinfectant (substance),1
2020-02-24,83b256d4-6f01-aa11-0d94-154814d7cc50,e0130693-7fac-3e34-6b9e-114a53befef4,470618009,Antiseptic towelette (physical object),8
2020-02-25,83b256d4-6f01-aa11-0d94-154814d7cc50,e0130693-7fac-3e34-6b9e-114a53befef4,409534002,Disposable air-purifying respirator (physical object),2
2020-02-25,83b256d4-6f01-aa11-0d94-154814d7cc50,e0130693-7fac-3e34-6b9e-114a53befef4,713779008,Nitrile examination/treatment glove  non-powdered  sterile (physical object),24
2020-02-25,83b256d4-6f01-aa11-0d94-154814d7cc50,e0130693-7fac-3e34-6b9e-114a53befef4,469673003,Isolation gown  single-use (physical object),12
2020-02-25,83b256d4-6f01-aa11-0d94-154814d7cc50,e0130693-7fac-3e34-6b9e-114a53befef4,706724001,Face shield (physical object),2
2020-02-25,83b256d4-6f01-aa11-0d94-154814d7cc50,e0130693-7fac-3e34-6b9e-114a53befef4,419343004,Alcohol disinfectant (substance),1
2020-02-25,83b256d4-6f01-aa11-0d94-154814d7cc50,e0130693-7fac-3e34-6b9e-114a53befef4,470618009,Antiseptic towelette (physical object),8
2020-02-26,83b256d4-6f01-aa11-0d94-154814d7cc50,e0130693-7fac-3e34-6b9e-114a53befef4,409534002,Disposable air-purifying respirator (physical object),2
2020-02-26,83b256d4-6f01-aa11-0d94-154814d7cc50,e0130693-7fac-3e34-6b9e-114a53befef4,713779008,Nitrile examination/treatment glove  non-powdered  sterile (physical object),24
2020-02-26,83b256d4-6f01-aa11-0d94-154814d7cc50,e0130693-7fac-3e34-6b9e-114a53befef4,469673003,Isolation gown  single-use (physical object),12
2020-02-26,83b256d4-6f01-aa11-0d94-154814d7cc50,e0130693-7fac-3e34-6b9e-114a53befef4,706724001,Face shield (physical object),2
2020-02-26,83b256d4-6f01-aa11-0d94-154814d7cc50,e0130693-7fac-3e34-6b9e-114a53befef4,419343004,Alcohol disinfectant (substance),1
2020-02-26,83b256d4-6f01-aa11-0d94-154814d7cc50,e0130693-7fac-3e34-6b9e-114a53befef4,470618009,Antiseptic towelette (physical object),8
2020-02-27,83b256d4-6f01-aa11-0d94-154814d7cc50,e0130693-7fac-3e34-6b9e-114a53befef4,409534002,Disposable air-purifying respirator (physical object),2
2020-02-27,83b256d4-6f01-aa11-0d94-154814d7cc50,e0130693-7fac-3e34-6b9e-114a53befef4,713779008,Nitrile examination/treatment glove  non-powdered  sterile (physical object),24
2020-02-27,83b256d4-6f01-aa11-0d94-154814d7cc50,e0130693-7fac-3e34-6b9e-114a53befef4,469673003,Isolation gown  single-use (physical object),12
2020-02-27,83b256d4-6f01-aa11-0d94-154814d7cc50,e0130693-7fac-3e34-6b9e-114a53befef4,706724001,Face shield (physical object),2
2020-02-27,83b256d4-6f01-aa11-0d94-154814d7cc50,e0130693-7fac-3e34-6b9e-114a53befef4,419343004,Alcohol disinfectant (substance),1
2020-02-27,83b256d4-6f01-aa11-0d94-154814d7cc50,e0130693-7fac-3e34-6b9e-114a53befef4,470618009,Antiseptic towelette (physical object),8
2020-02-28,83b256d4-6f01-aa11-0d94-154814d7cc50,e0130693-7fac-3e34-6b9e-114a53befef4,409534002,Disposable air-purifying respirator (physical object),2
2020-02-28,83b256d4-6f01-aa11-0d94-154814d7cc50,e0130693-7fac-3e34-6b9e-114a53befef4,713779008,Nitrile examination/treatment glove  non-powdered  sterile (physical object),24
2020-02-28,83b256d4-6f01-aa11-0d94-154814d7cc50,e0130693-7fac-3e34-6b9e-114a53befef4,469673003,Isolation gown  single-use (physical object),12
2020-02-28,83b256d4-6f01-aa11-0d94-154814d7cc50,e0130693-7fac-3e34-6b9e-114a53befef4,706724001,Face shield (physical object),2
2020-02-28,83b256d4-6f01-aa11-0d94-154814d7cc50,e0130693-7fac-3e34-6b9e-114a53befef4,419343004,Alcohol disinfectant (substance),1
2020-02-28,83b256d4-6f01-aa11-0d94-154814d7cc50,e0130693-7fac-3e34-6b9e-114a53befef4,470618009,Antiseptic towelette (physical object),8
2020-02-29,83b256d4-6f01-aa11-0d94-154814d7cc50,e0130693-7fac-3e34-6b9e-114a53befef4,409534002,Disposable air-purifying respirator (physical object),2
2020-02-29,83b256d4-6f01-aa11-0d94-154814d7cc50,e0130693-7fac-3e34-6b9e-114a53befef4,713779008,Nitrile examination/treatment glove  non-powdered  sterile (physical object),24
2020-02-29,83b256d4-6f01-aa11-0d94-154814d7cc50,e0130693-7fac-3e34-6b9e-114a53befef4,469673003,Isolation gown  single-use (physical object),12
2020-02-29,83b256d4-6f01-aa11-0d94-154814d7cc50,e0130693-7fac-3e34-6b9e-114a53befef4,706724001,Face shield (physical object),2
2020-02-29,83b256d4-6f01-aa11-0d94-154814d7cc50,e0130693-7fac-3e34-6b9e-114a53befef4,419343004,Alcohol disinfectant (substance),1
2020-02-29,83b256d4-6f01-aa11-0d94-154814d7cc50,e0130693-7fac-3e34-6b9e-114a53befef4,470618009,Antiseptic towelette (physical object),8
2020-03-14,02005fbf-5575-2166-8d59-e0f21c2bc114,b0f27aa0-e020-b399-edc2-ec5dbed86301,409534002,Disposable air-purifying respirator (physical object),2
2020-03-14,02005fbf-5575-2166-8d59-e0f21c2bc114,b0f27aa0-e020-b399-edc2-ec5dbed86301,713779008,Nitrile examination/treatment glove  non-powdered  sterile (physical object),24
2020-03-14,02005fbf-5575-2166-8d59-e0f21c2bc114,b0f27aa0-e020-b399-edc2-ec5dbed86301,469673003,Isolation gown  single-use (physical object),12
2020-03-14,02005fbf-5575-2166-8d59-e0f21c2bc114,b0f27aa0-e020-b399-edc2-ec5dbed86301,706724001,Face shield (physical object),2
2020-03-14,02005fbf-5575-2166-8d59-e0f21c2bc114,b0f27aa0-e020-b399-edc2-ec5dbed86301,419343004,Alcohol disinfectant (substance),1
2020-03-14,02005fbf-5575-2166-8d59-e0f21c2bc114,b0f27aa0-e020-b399-edc2-ec5dbed86301,470618009,Antiseptic towelette (physical object),8
2020-03-15,02005fbf-5575-2166-8d59-e0f21c2bc114,b0f27aa0-e020-b399-edc2-ec5dbed86301,409534002,Disposable air-purifying respirator (physical object),2
2020-03-15,02005fbf-5575-2166-8d59-e0f21c2bc114,b0f27aa0-e020-b399-edc2-ec5dbed86301,713779008,Nitrile examination/treatment glove  non-powdered  sterile (physical object),24
2020-03-15,02005fbf-5575-2166-8d59-e0f21c2bc114,b0f27aa0-e020-b399-edc2-ec5dbed86301,469673003,Isolation gown  single-use (physical object),12
2020-03-15,02005fbf-5575-2166-8d59-e0f21c2bc114,b0f27aa0-e020-b399-edc2-ec5dbed86301,706724001,Face shield (physical object),2
2020-03-15,02005fbf-5575-2166-8d59-e0f21c2bc114,b0f27aa0-e020-b399-edc2-ec5dbed86301,419343004,Alcohol disinfectant (substance),1
2020-03-15,02005fbf-5575-2166-8d59-e0f21c2bc114,b0f27aa0-e020-b399-edc2-ec5dbed86301,470618009,Antiseptic towelette (physical object),8
2020-03-16,02005fbf-5575-2166-8d59-e0f21c2bc114,b0f27aa0-e020-b399-edc2-ec5dbed86301,409534002,Disposable air-purifying respirator (physical object),2
2020-03-16,02005fbf-5575-2166-8d59-e0f21c2bc114,b0f27aa0-e020-b399-edc2-ec5dbed86301,713779008,Nitrile examination/treatment glove  non-powdered  sterile (physical object),24
2020-03-16,02005fbf-5575-2166-8d59-e0f21c2bc114,b0f27aa0-e020-b399-edc2-ec5dbed86301,469673003,Isolation gown  single-use (physical object),12
2020-03-16,02005fbf-5575-2166-8d59-e0f21c2bc114,b0f27aa0-e020-b399-edc2-ec5dbed86301,706724001,Face shield (physical object),2
2020-03-16,02005fbf-5575-2166-8d59-e0f21c2bc114,b0f27aa0-e020-b399-edc2-ec5dbed86301,419343004,Alcohol disinfectant (substance),1
2020-03-16,02005fbf-5575-2166-8d59-e0f21c2bc114,b0f27aa0-e020-b399-edc2-ec5dbed86301,470618009,Antiseptic towelette (physical object),8
2020-03-17,02005fbf-5575-2166-8d59-e0f21c2bc114,b0f27aa0-e020-b399-edc2-ec5dbed86301,409534002,Disposable air-purifying respirator (physical object),2
2020-03-17,02005fbf-5575-2166-8d59-e0f21c2bc114,b0f27aa0-e020-b399-edc2-ec5dbed86301,713779008,Nitrile examination/treatment glove  non-powdered  sterile (physical object),24
2020-03-17,02005fbf-5575-2166-8d59-e0f21c2bc114,b0f27aa0-e020-b399-edc2-ec5dbed86301,469673003,Isolation gown  single-use (physical object),12
2020-03-17,02005fbf-5575-2166-8d59-e0f21c2bc114,b0f27aa0-e020-b399-edc2-ec5dbed86301,706724001,Face shield (physical object),2
2020-03-17,02005fbf-5575-2166-8d59-e0f21c2bc114,b0f27aa0-e020-b399-edc2-ec5dbed86301,419343004,Alcohol disinfectant (substance),1
2020-03-17,02005fbf-5575-2166-8d59-e0f21c2bc114,b0f27aa0-e020-b399-edc2-ec5dbed86301,470618009,Antiseptic towelette (physical object),8
2020-03-18,02005fbf-5575-2166-8d59-e0f21c2bc114,b0f27aa0-e020-b399-edc2-ec5dbed86301,409534002,Disposable air-purifying respirator (physical object),2
2020-03-18,02005fbf-5575-2166-8d59-e0f21c2bc114,b0f27aa0-e020-b399-edc2-ec5dbed86301,713779008,Nitrile examination/treatment glove  non-powdered  sterile (physical object),24
2020-03-18,02005fbf-5575-2166-8d59-e0f21c2bc114,b0f27aa0-e020-b399-edc2-ec5dbed86301,469673003,Isolation gown  single-use (physical object),12
2020-03-18,02005fbf-5575-2166-8d59-e0f21c2bc114,b0f27aa0-e020-b399-edc2-ec5dbed86301,706724001,Face shield (physical object),2
2020-03-18,02005fbf-5575-2166-8d59-e0f21c2bc114,b0f27aa0-e020-b399-edc2-ec5dbed86301,419343004,Alcohol disinfectant (substance),1
2020-03-18,02005fbf-5575-2166-8d59-e0f21c2bc114,b0f27aa0-e020-b399-edc2-ec5dbed86301,470618009,Antiseptic towelette (physical object),8
2020-03-19,02005fbf-5575-2166-8d59-e0f21c2bc114,b0f27aa0-e020-b399-edc2-ec5dbed86301,409534002,Disposable air-purifying respirator (physical object),2
2020-03-19,02005fbf-5575-2166-8d59-e0f21c2bc114,b0f27aa0-e020-b399-edc2-ec5dbed86301,713779008,Nitrile examination/treatment glove  non-powdered  sterile (physical object),24
2020-03-19,02005fbf-5575-2166-8d59-e0f21c2bc114,b0f27aa0-e020-b399-edc2-ec5dbed86301,469673003,Isolation gown  single-use (physical object),12
2020-03-19,02005fbf-5575-2166-8d59-e0f21c2bc114,b0f27aa0-e020-b399-edc2-ec5dbed86301,706724001,Face shield (physical object),2
2020-03-19,02005fbf-5575-2166-8d59-e0f21c2bc114,b0f27aa0-e020-b399-edc2-ec5dbed86301,419343004,Alcohol disinfectant (substance),1
2020-03-19,02005fbf-5575-2166-8d59-e0f21c2bc114,b0f27aa0-e020-b399-edc2-ec5dbed86301,470618009,Antiseptic towelette (physical object),8
2020-03-20,02005fbf-5575-2166-8d59-e0f21c2bc114,b0f27aa0-e020-b399-edc2-ec5dbed86301,409534002,Disposable air-purifying respirator (physical object),2
2020-03-20,02005fbf-5575-2166-8d59-e0f21c2bc114,b0f27aa0-e020-b399-edc2-ec5dbed86301,713779008,Nitrile examination/treatment glove  non-powdered  sterile (physical object),24
2020-03-20,02005fbf-5575-2166-8d59-e0f21c2bc114,b0f27aa0-e020-b399-edc2-ec5dbed86301,469673003,Isolation gown  single-use (physical object),12
2020-03-20,02005fbf-5575-2166-8d59-e0f21c2bc114,b0f27aa0-e020-b399-edc2-ec5dbed86301,706724001,Face shield (physical object),2
2020-03-20,02005fbf-5575-2166-8d59-e0f21c2bc114,b0f27aa0-e020-b399-edc2-ec5dbed86301,419343004,Alcohol disinfectant (substance),1
2020-03-20,02005fbf-5575-2166-8d59-e0f21c2bc114,b0f27aa0-e020-b399-edc2-ec5dbed86301,470618009,Antiseptic towelette (physical object),8
2020-03-21,02005fbf-5575-2166-8d59-e0f21c2bc114,b0f27aa0-e020-b399-edc2-ec5dbed86301,409534002,Disposable air-purifying respirator (physical object),2
2020-03-21,02005fbf-5575-2166-8d59-e0f21c2bc114,b0f27aa0-e020-b399-edc2-ec5dbed86301,713779008,Nitrile examination/treatment glove  non-powdered  sterile (physical object),24
2020-03-21,02005fbf-5575-2166-8d59-e0f21c2bc114,b0f27aa0-e020-b399-edc2-ec5dbed86301,469673003,Isolation gown  single-use (physical object),12
2020-03-21,02005fbf-5575-2166-8d59-e0f21c2bc114,b0f27aa0-e020-b399-edc2-ec5dbed86301,706724001,Face shield (physical object),2
2020-03-21,02005fbf-5575-2166-8d59-e0f21c2bc114,b0f27aa0-e020-b399-edc2-ec5dbed86301,419343004,Alcohol disinfectant (substance),1
2020-03-21,02005fbf-5575-2166-8d59-e0f21c2bc114,b0f27aa0-e020-b399-edc2-ec5dbed86301,470618009,Antiseptic towelette (physical object),8
2020-03-22,02005fbf-5575-2166-8d59-e0f21c2bc114,b0f27aa0-e020-b399-edc2-ec5dbed86301,409534002,Disposable air-purifying respirator (physical object),2
2020-03-22,02005fbf-5575-2166-8d59-e0f21c2bc114,b0f27aa0-e020-b399-edc2-ec5dbed86301,713779008,Nitrile examination/treatment glove  non-powdered  sterile (physical object),24
2020-03-22,02005fbf-5575-2166-8d59-e0f21c2bc114,b0f27aa0-e020-b399-edc2-ec5dbed86301,469673003,Isolation gown  single-use (physical object),12
2020-03-22,02005fbf-5575-2166-8d59-e0f21c2bc114,b0f27aa0-e020-b399-edc2-ec5dbed86301,706724001,Face shield (physical object),2
2020-03-22,02005fbf-5575-2166-8d59-e0f21c2bc114,b0f27aa0-e020-b399-edc2-ec5dbed86301,419343004,Alcohol disinfectant (substance),1
2020-03-22,02005fbf-5575-2166-8d59-e0f21c2bc114,b0f27aa0-e020-b399-edc2-ec5dbed86301,470618009,Antiseptic towelette (physical object),8
2020-03-23,02005fbf-5575-2166-8d59-e0f21c2bc114,b0f27aa0-e020-b399-edc2-ec5dbed86301,409534002,Disposable air-purifying respirator (physical object),2
2020-03-23,02005fbf-5575-2166-8d59-e0f21c2bc114,b0f27aa0-e020-b399-edc2-ec5dbed86301,713779008,Nitrile examination/treatment glove  non-powdered  sterile (physical object),24
2020-03-23,02005fbf-5575-2166-8d59-e0f21c2bc114,b0f27aa0-e020-b399-edc2-ec5dbed86301,469673003,Isolation gown  single-use (physical object),12
2020-03-23,02005fbf-5575-2166-8d59-e0f21c2bc114,b0f27aa0-e020-b399-edc2-ec5dbed86301,706724001,Face shield (physical object),2
2020-03-23,02005fbf-5575-2166-8d59-e0f21c2bc114,b0f27aa0-e020-b399-edc2-ec5dbed86301,419343004,Alcohol disinfectant (substance),1
2020-03-23,02005fbf-5575-2166-8d59-e0f21c2bc114,b0f27aa0-e020-b399-edc2-ec5dbed86301,470618009,Antiseptic towelette (physical object),8
2020-03-23,02005fbf-5575-2166-8d59-e0f21c2bc114,95ceb6b4-b6d4-10c0-c33b-e23d4a1fa245,713779008,Nitrile examination/treatment glove  non-powdered  sterile (physical object),8
2020-03-23,02005fbf-5575-2166-8d59-e0f21c2bc114,95ceb6b4-b6d4-10c0-c33b-e23d4a1fa245,469673003,Isolation gown  single-use (physical object),2
2020-03-23,02005fbf-5575-2166-8d59-e0f21c2bc114,95ceb6b4-b6d4-10c0-c33b-e23d4a1fa245,463983006,Operating room gown  single-use (physical object),1
2020-03-23,02005fbf-5575-2166-8d59-e0f21c2bc114,95ceb6b4-b6d4-10c0-c33b-e23d4a1fa245,465668002,Surgical cap  single-use (physical object),1
2020-03-23,02005fbf-5575-2166-8d59-e0f21c2bc114,95ceb6b4-b6d4-10c0-c33b-e23d4a1fa245,409534002,Disposable air-purifying respirator (physical object),3
2020-03-23,02005fbf-5575-2166-8d59-e0f21c2bc114,95ceb6b4-b6d4-10c0-c33b-e23d4a1fa245,38126007,Protective glasses  device (physical object),3
2020-03-23,02005fbf-5575-2166-8d59-e0f21c2bc114,95ceb6b4-b6d4-10c0-c33b-e23d4a1fa245,419343004,Alcohol disinfectant (substance),1
2020-03-23,02005fbf-5575-2166-8d59-e0f21c2bc114,95ceb6b4-b6d4-10c0-c33b-e23d4a1fa245,470618009,Antiseptic towelette (physical object),1
2020-03-23,02005fbf-5575-2166-8d59-e0f21c2bc114,95ceb6b4-b6d4-10c0-c33b-e23d4a1fa245,470609007,Laryngoscope blade  single-use (physical object),1
2020-03-23,02005fbf-5575-2166-8d59-e0f21c2bc114,95ceb6b4-b6d4-10c0-c33b-e23d4a1fa245,467053003,Basic endotracheal tube  single-use (physical object),1
2020-03-23,02005fbf-5575-2166-8d59-e0f21c2bc114,95ceb6b4-b6d4-10c0-c33b-e23d4a1fa245,468507004,Endotracheal tube stylet  single-use (physical object),1
2020-03-23,02005fbf-5575-2166-8d59-e0f21c2bc114,95ceb6b4-b6d4-10c0-c33b-e23d4a1fa245,61968008,Syringe  device (physical object),2
2020-03-23,02005fbf-5575-2166-8d59-e0f21c2bc114,95ceb6b4-b6d4-10c0-c33b-e23d4a1fa245,706092000,Suction system (physical object),1
2020-03-23,02005fbf-5575-2166-8d59-e0f21c2bc114,95ceb6b4-b6d4-10c0-c33b-e23d4a1fa245,706774004,Lubricant (physical object),1
2020-03-23,02005fbf-5575-2166-8d59-e0f21c2bc114,95ceb6b4-b6d4-10c0-c33b-e23d4a1fa245,468601005,Endotracheal tube holder (physical object),1
2020-03-23,02005fbf-5575-2166-8d59-e0f21c2bc114,95ceb6b4-b6d4-10c0-c33b-e23d4a1fa245,701434005,Viral filter (physical object),1
2020-03-23,02005fbf-5575-2166-8d59-e0f21c2bc114,95ceb6b4-b6d4-10c0-c33b-e23d4a1fa245,827149008,Carbon dioxide breath analyzer (physical object),1
2020-03-23,02005fbf-5575-2166-8d59-e0f21c2bc114,95ceb6b4-b6d4-10c0-c33b-e23d4a1fa245,17102003,Nasogastric tube  device (physical object),1
2020-03-23,02005fbf-5575-2166-8d59-e0f21c2bc114,95ceb6b4-b6d4-10c0-c33b-e23d4a1fa245,713779008,Nitrile examination/treatment glove  non-powdered  sterile (physical object),44
2020-03-23,02005fbf-5575-2166-8d59-e0f21c2bc114,95ceb6b4-b6d4-10c0-c33b-e23d4a1fa245,469212006,Isolation gown  reusable (physical object),2
2020-03-23,02005fbf-5575-2166-8d59-e0f21c2bc114,95ceb6b4-b6d4-10c0-c33b-e23d4a1fa245,469673003,Isolation gown  single-use (physical object),10
2020-03-23,02005fbf-5575-2166-8d59-e0f21c2bc114,95ceb6b4-b6d4-10c0-c33b-e23d4a1fa245,409534002,Disposable air-purifying respirator (physical object),2
2020-03-23,02005fbf-5575-2166-8d59-e0f21c2bc114,95ceb6b4-b6d4-10c0-c33b-e23d4a1fa245,706724001,Face shield (physical object),2
2020-03-23,02005fbf-5575-2166-8d59-e0f21c2bc114,95ceb6b4-b6d4-10c0-c33b-e23d4a1fa245,419343004,Alcohol disinfectant (substance),2
2020-03-23,02005fbf-5575-2166-8d59-e0f21c2bc114,95ceb6b4-b6d4-10c0-c33b-e23d4a1fa245,470618009,Antiseptic towelette (physical object),16
2020-03-24,02005fbf-5575-2166-8d59-e0f21c2bc114,95ceb6b4-b6d4-10c0-c33b-e23d4a1fa245,713779008,Nitrile examination/treatment glove  non-powdered  sterile (physical object),44
2020-03-24,02005fbf-5575-2166-8d59-e0f21c2bc114,95ceb6b4-b6d4-10c0-c33b-e23d4a1fa245,469212006,Isolation gown  reusable (physical object),2
2020-03-24,02005fbf-5575-2166-8d59-e0f21c2bc114,95ceb6b4-b6d4-10c0-c33b-e23d4a1fa245,469673003,Isolation gown  single-use (physical object),10
2020-03-24,02005fbf-5575-2166-8d59-e0f21c2bc114,95ceb6b4-b6d4-10c0-c33b-e23d4a1fa245,409534002,Disposable air-purifying respirator (physical object),2
2020-03-24,02005fbf-5575-2166-8d59-e0f21c2bc114,95ceb6b4-b6d4-10c0-c33b-e23d4a1fa245,706724001,Face shield (physical object),2
2020-03-24,02005fbf-5575-2166-8d59-e0f21c2bc114,95ceb6b4-b6d4-10c0-c33b-e23d4a1fa245,419343004,Alcohol disinfectant (substance),2
2020-03-24,02005fbf-5575-2166-8d59-e0f21c2bc114,95ceb6b4-b6d4-10c0-c33b-e23d4a1fa245,470618009,Antiseptic towelette (physical object),16
2020-03-25,02005fbf-5575-2166-8d59-e0f21c2bc114,95ceb6b4-b6d4-10c0-c33b-e23d4a1fa245,713779008,Nitrile examination/treatment glove  non-powdered  sterile (physical object),44
2020-03-25,02005fbf-5575-2166-8d59-e0f21c2bc114,95ceb6b4-b6d4-10c0-c33b-e23d4a1fa245,469212006,Isolation gown  reusable (physical object),2
2020-03-25,02005fbf-5575-2166-8d59-e0f21c2bc114,95ceb6b4-b6d4-10c0-c33b-e23d4a1fa245,469673003,Isolation gown  single-use (physical object),10
2020-03-25,02005fbf-5575-2166-8d59-e0f21c2bc114,95ceb6b4-b6d4-10c0-c33b-e23d4a1fa245,409534002,Disposable air-purifying respirator (physical object),2
2020-03-25,02005fbf-5575-2166-8d59-e0f21c2bc114,95ceb6b4-b6d4-10c0-c33b-e23d4a1fa245,706724001,Face shield (physical object),2
2020-03-25,02005fbf-5575-2166-8d59-e0f21c2bc114,95ceb6b4-b6d4-10c0-c33b-e23d4a1fa245,419343004,Alcohol disinfectant (substance),2
2020-03-25,02005fbf-5575-2166-8d59-e0f21c2bc114,95ceb6b4-b6d4-10c0-c33b-e23d4a1fa245,470618009,Antiseptic towelette (physical object),16
2020-03-27,02005fbf-5575-2166-8d59-e0f21c2bc114,95ceb6b4-b6d4-10c0-c33b-e23d4a1fa245,713779008,Nitrile examination/treatment glove  non-powdered  sterile (physical object),44
2020-03-27,02005fbf-5575-2166-8d59-e0f21c2bc114,95ceb6b4-b6d4-10c0-c33b-e23d4a1fa245,469212006,Isolation gown  reusable (physical object),2
2020-03-27,02005fbf-5575-2166-8d59-e0f21c2bc114,95ceb6b4-b6d4-10c0-c33b-e23d4a1fa245,469673003,Isolation gown  single-use (physical object),10
2020-03-27,02005fbf-5575-2166-8d59-e0f21c2bc114,95ceb6b4-b6d4-10c0-c33b-e23d4a1fa245,409534002,Disposable air-purifying respirator (physical object),2
2020-03-27,02005fbf-5575-2166-8d59-e0f21c2bc114,95ceb6b4-b6d4-10c0-c33b-e23d4a1fa245,706724001,Face shield (physical object),2
2020-03-27,02005fbf-5575-2166-8d59-e0f21c2bc114,95ceb6b4-b6d4-10c0-c33b-e23d4a1fa245,419343004,Alcohol disinfectant (substance),2
2020-03-27,02005fbf-5575-2166-8d59-e0f21c2bc114,95ceb6b4-b6d4-10c0-c33b-e23d4a1fa245,470618009,Antiseptic towelette (physical object),16
2020-03-11,6fe7b56b-57ac-7094-f3ec-956aeadd2fea,a7a06c24-a760-f375-3460-8028670b1eeb,409534002,Disposable air-purifying respirator (physical object),2
2020-03-11,6fe7b56b-57ac-7094-f3ec-956aeadd2fea,a7a06c24-a760-f375-3460-8028670b1eeb,713779008,Nitrile examination/treatment glove  non-powdered  sterile (physical object),24
2020-03-11,6fe7b56b-57ac-7094-f3ec-956aeadd2fea,a7a06c24-a760-f375-3460-8028670b1eeb,469673003,Isolation gown  single-use (physical object),12
2020-03-11,6fe7b56b-57ac-7094-f3ec-956aeadd2fea,a7a06c24-a760-f375-3460-8028670b1eeb,706724001,Face shield (physical object),2
2020-03-11,6fe7b56b-57ac-7094-f3ec-956aeadd2fea,a7a06c24-a760-f375-3460-8028670b1eeb,419343004,Alcohol disinfectant (substance),1
2020-03-11,6fe7b56b-57ac-7094-f3ec-956aeadd2fea,a7a06c24-a760-f375-3460-8028670b1eeb,470618009,Antiseptic towelette (physical object),8
2020-03-12,6fe7b56b-57ac-7094-f3ec-956aeadd2fea,a7a06c24-a760-f375-3460-8028670b1eeb,409534002,Disposable air-purifying respirator (physical object),2
2020-03-12,6fe7b56b-57ac-7094-f3ec-956aeadd2fea,a7a06c24-a760-f375-3460-8028670b1eeb,713779008,Nitrile examination/treatment glove  non-powdered  sterile (physical object),24
2020-03-12,6fe7b56b-57ac-7094-f3ec-956aeadd2fea,a7a06c24-a760-f375-3460-8028670b1eeb,469673003,Isolation gown  single-use (physical object),12
2020-03-12,6fe7b56b-57ac-7094-f3ec-956aeadd2fea,a7a06c24-a760-f375-3460-8028670b1eeb,706724001,Face shield (physical object),2
2020-03-12,6fe7b56b-57ac-7094-f3ec-956aeadd2fea,a7a06c24-a760-f375-3460-8028670b1eeb,419343004,Alcohol disinfectant (substance),1
2020-03-12,6fe7b56b-57ac-7094-f3ec-956aeadd2fea,a7a06c24-a760-f375-3460-8028670b1eeb,470618009,Antiseptic towelette (physical object),8
2020-03-13,6fe7b56b-57ac-7094-f3ec-956aeadd2fea,a7a06c24-a760-f375-3460-8028670b1eeb,409534002,Disposable air-purifying respirator (physical object),2
2020-03-13,6fe7b56b-57ac-7094-f3ec-956aeadd2fea,a7a06c24-a760-f375-3460-8028670b1eeb,713779008,Nitrile examination/treatment glove  non-powdered  sterile (physical object),24
2020-03-13,6fe7b56b-57ac-7094-f3ec-956aeadd2fea,a7a06c24-a760-f375-3460-8028670b1eeb,469673003,Isolation gown  single-use (physical object),12
2020-03-13,6fe7b56b-57ac-7094-f3ec-956aeadd2fea,a7a06c24-a760-f375-3460-8028670b1eeb,706724001,Face shield (physical object),2
2020-03-13,6fe7b56b-57ac-7094-f3ec-956aeadd2fea,a7a06c24-a760-f375-3460-8028670b1eeb,419343004,Alcohol disinfectant (substance),1
2020-03-13,6fe7b56b-57ac-7094-f3ec-956aeadd2fea,a7a06c24-a760-f375-3460-8028670b1eeb,470618009,Antiseptic towelette (physical object),8
2020-03-14,6fe7b56b-57ac-7094-f3ec-956aeadd2fea,a7a06c24-a760-f375-3460-8028670b1eeb,409534002,Disposable air-purifying respirator (physical object),2
2020-03-14,6fe7b56b-57ac-7094-f3ec-956aeadd2fea,a7a06c24-a760-f375-3460-8028670b1eeb,713779008,Nitrile examination/treatment glove  non-powdered  sterile (physical object),24
2020-03-14,6fe7b56b-57ac-7094-f3ec-956aeadd2fea,a7a06c24-a760-f375-3460-8028670b1eeb,469673003,Isolation gown  single-use (physical object),12
2020-03-14,6fe7b56b-57ac-7094-f3ec-956aeadd2fea,a7a06c24-a760-f375-3460-8028670b1eeb,706724001,Face shield (physical object),2
2020-03-14,6fe7b56b-57ac-7094-f3ec-956aeadd2fea,a7a06c24-a760-f375-3460-8028670b1eeb,419343004,Alcohol disinfectant (substance),1
2020-03-14,6fe7b56b-57ac-7094-f3ec-956aeadd2fea,a7a06c24-a760-f375-3460-8028670b1eeb,470618009,Antiseptic towelette (physical object),8
2020-03-15,6fe7b56b-57ac-7094-f3ec-956aeadd2fea,a7a06c24-a760-f375-3460-8028670b1eeb,409534002,Disposable air-purifying respirator (physical object),2
2020-03-15,6fe7b56b-57ac-7094-f3ec-956aeadd2fea,a7a06c24-a760-f375-3460-8028670b1eeb,713779008,Nitrile examination/treatment glove  non-powdered  sterile (physical object),24
2020-03-15,6fe7b56b-57ac-7094-f3ec-956aeadd2fea,a7a06c24-a760-f375-3460-8028670b1eeb,469673003,Isolation gown  single-use (physical object),12
2020-03-15,6fe7b56b-57ac-7094-f3ec-956aeadd2fea,a7a06c24-a760-f375-3460-8028670b1eeb,706724001,Face shield (physical object),2
2020-03-15,6fe7b56b-57ac-7094-f3ec-956aeadd2fea,a7a06c24-a760-f375-3460-8028670b1eeb,419343004,Alcohol disinfectant (substance),1
2020-03-15,6fe7b56b-57ac-7094-f3ec-956aeadd2fea,a7a06c24-a760-f375-3460-8028670b1eeb,470618009,Antiseptic towelette (physical object),8
2020-03-16,6fe7b56b-57ac-7094-f3ec-956aeadd2fea,a7a06c24-a760-f375-3460-8028670b1eeb,409534002,Disposable air-purifying respirator (physical object),2
2020-03-16,6fe7b56b-57ac-7094-f3ec-956aeadd2fea,a7a06c24-a760-f375-3460-8028670b1eeb,713779008,Nitrile examination/treatment glove  non-powdered  sterile (physical object),24
2020-03-16,6fe7b56b-57ac-7094-f3ec-956aeadd2fea,a7a06c24-a760-f375-3460-8028670b1eeb,469673003,Isolation gown  single-use (physical object),12
2020-03-16,6fe7b56b-57ac-7094-f3ec-956aeadd2fea,a7a06c24-a760-f375-3460-8028670b1eeb,706724001,Face shield (physical object),2
2020-03-16,6fe7b56b-57ac-7094-f3ec-956aeadd2fea,a7a06c24-a760-f375-3460-8028670b1eeb,419343004,Alcohol disinfectant (substance),1
2020-03-16,6fe7b56b-57ac-7094-f3ec-956aeadd2fea,a7a06c24-a760-f375-3460-8028670b1eeb,470618009,Antiseptic towelette (physical object),8
2020-03-17,6fe7b56b-57ac-7094-f3ec-956aeadd2fea,a7a06c24-a760-f375-3460-8028670b1eeb,409534002,Disposable air-purifying respirator (physical object),2
2020-03-17,6fe7b56b-57ac-7094-f3ec-956aeadd2fea,a7a06c24-a760-f375-3460-8028670b1eeb,713779008,Nitrile examination/treatment glove  non-powdered  sterile (physical object),24
2020-03-17,6fe7b56b-57ac-7094-f3ec-956aeadd2fea,a7a06c24-a760-f375-3460-8028670b1eeb,469673003,Isolation gown  single-use (physical object),12
2020-03-17,6fe7b56b-57ac-7094-f3ec-956aeadd2fea,a7a06c24-a760-f375-3460-8028670b1eeb,706724001,Face shield (physical object),2
2020-03-17,6fe7b56b-57ac-7094-f3ec-956aeadd2fea,a7a06c24-a760-f375-3460-8028670b1eeb,419343004,Alcohol disinfectant (substance),1
2020-03-17,6fe7b56b-57ac-7094-f3ec-956aeadd2fea,a7a06c24-a760-f375-3460-8028670b1eeb,470618009,Antiseptic towelette (physical object),8
2020-03-18,6fe7b56b-57ac-7094-f3ec-956aeadd2fea,a7a06c24-a760-f375-3460-8028670b1eeb,409534002,Disposable air-purifying respirator (physical object),2
2020-03-18,6fe7b56b-57ac-7094-f3ec-956aeadd2fea,a7a06c24-a760-f375-3460-8028670b1eeb,713779008,Nitrile examination/treatment glove  non-powdered  sterile (physical object),24
2020-03-18,6fe7b56b-57ac-7094-f3ec-956aeadd2fea,a7a06c24-a760-f375-3460-8028670b1eeb,469673003,Isolation gown  single-use (physical object),12
2020-03-18,6fe7b56b-57ac-7094-f3ec-956aeadd2fea,a7a06c24-a760-f375-3460-8028670b1eeb,706724001,Face shield (physical object),2
2020-03-18,6fe7b56b-57ac-7094-f3ec-956aeadd2fea,a7a06c24-a760-f375-3460-8028670b1eeb,419343004,Alcohol disinfectant (substance),1
2020-03-18,6fe7b56b-57ac-7094-f3ec-956aeadd2fea,a7a06c24-a760-f375-3460-8028670b1eeb,470618009,Antiseptic towelette (physical object),8
2020-03-19,6fe7b56b-57ac-7094-f3ec-956aeadd2fea,a7a06c24-a760-f375-3460-8028670b1eeb,409534002,Disposable air-purifying respirator (physical object),2
2020-03-19,6fe7b56b-57ac-7094-f3ec-956aeadd2fea,a7a06c24-a760-f375-3460-8028670b1eeb,713779008,Nitrile examination/treatment glove  non-powdered  sterile (physical object),24
2020-03-19,6fe7b56b-57ac-7094-f3ec-956aeadd2fea,a7a06c24-a760-f375-3460-8028670b1eeb,469673003,Isolation gown  single-use (physical object),12
2020-03-19,6fe7b56b-57ac-7094-f3ec-956aeadd2fea,a7a06c24-a760-f375-3460-8028670b1eeb,706724001,Face shield (physical object),2
2020-03-19,6fe7b56b-57ac-7094-f3ec-956aeadd2fea,a7a06c24-a760-f375-3460-8028670b1eeb,419343004,Alcohol disinfectant (substance),1
2020-03-19,6fe7b56b-57ac-7094-f3ec-956aeadd2fea,a7a06c24-a760-f375-3460-8028670b1eeb,470618009,Antiseptic towelette (physical object),8
2020-03-19,6fe7b56b-57ac-7094-f3ec-956aeadd2fea,fbf4cd8c-0d8d-e2e2-0170-36644edfe095,713779008,Nitrile examination/treatment glove  non-powdered  sterile (physical object),8
2020-03-19,6fe7b56b-57ac-7094-f3ec-956aeadd2fea,fbf4cd8c-0d8d-e2e2-0170-36644edfe095,469673003,Isolation gown  single-use (physical object),2
2020-03-19,6fe7b56b-57ac-7094-f3ec-956aeadd2fea,fbf4cd8c-0d8d-e2e2-0170-36644edfe095,463983006,Operating room gown  single-use (physical object),1
2020-03-19,6fe7b56b-57ac-7094-f3ec-956aeadd2fea,fbf4cd8c-0d8d-e2e2-0170-36644edfe095,465668002,Surgical cap  single-use (physical object),1
2020-03-19,6fe7b56b-57ac-7094-f3ec-956aeadd2fea,fbf4cd8c-0d8d-e2e2-0170-36644edfe095,409534002,Disposable air-purifying respirator (physical object),3
2020-03-19,6fe7b56b-57ac-7094-f3ec-956aeadd2fea,fbf4cd8c-0d8d-e2e2-0170-36644edfe095,38126007,Protective glasses  device (physical object),3
2020-03-19,6fe7b56b-57ac-7094-f3ec-956aeadd2fea,fbf4cd8c-0d8d-e2e2-0170-36644edfe095,419343004,Alcohol disinfectant (substance),1
2020-03-19,6fe7b56b-57ac-7094-f3ec-956aeadd2fea,fbf4cd8c-0d8d-e2e2-0170-36644edfe095,470618009,Antiseptic towelette (physical object),1
2020-03-19,6fe7b56b-57ac-7094-f3ec-956aeadd2fea,fbf4cd8c-0d8d-e2e2-0170-36644edfe095,470609007,Laryngoscope blade  single-use (physical object),1
2020-03-19,6fe7b56b-57ac-7094-f3ec-956aeadd2fea,fbf4cd8c-0d8d-e2e2-0170-36644edfe095,467053003,Basic endotracheal tube  single-use (physical object),1
2020-03-19,6fe7b56b-57ac-7094-f3ec-956aeadd2fea,fbf4cd8c-0d8d-e2e2-0170-36644edfe095,468507004,Endotracheal tube stylet  single-use (physical object),1
2020-03-19,6fe7b56b-57ac-7094-f3ec-956aeadd2fea,fbf4cd8c-0d8d-e2e2-0170-36644edfe095,61968008,Syringe  device (physical object),2
2020-03-19,6fe7b56b-57ac-7094-f3ec-956aeadd2fea,fbf4cd8c-0d8d-e2e2-0170-36644edfe095,706092000,Suction system (physical object),1
2020-03-19,6fe7b56b-57ac-7094-f3ec-956aeadd2fea,fbf4cd8c-0d8d-e2e2-0170-36644edfe095,706774004,Lubricant (physical object),1
2020-03-19,6fe7b56b-57ac-7094-f3ec-956aeadd2fea,fbf4cd8c-0d8d-e2e2-0170-36644edfe095,468601005,Endotracheal tube holder (physical object),1
2020-03-19,6fe7b56b-57ac-7094-f3ec-956aeadd2fea,fbf4cd8c-0d8d-e2e2-0170-36644edfe095,701434005,Viral filter (physical object),1
2020-03-19,6fe7b56b-57ac-7094-f3ec-956aeadd2fea,fbf4cd8c-0d8d-e2e2-0170-36644edfe095,827149008,Carbon dioxide breath analyzer (physical object),1
2020-03-19,6fe7b56b-57ac-7094-f3ec-956aeadd2fea,fbf4cd8c-0d8d-e2e2-0170-36644edfe095,17102003,Nasogastric tube  device (physical object),1
2020-03-19,6fe7b56b-57ac-7094-f3ec-956aeadd2fea,fbf4cd8c-0d8d-e2e2-0170-36644edfe095,713779008,Nitrile examination/treatment glove  non-powdered  sterile (physical object),44
2020-03-19,6fe7b56b-57ac-7094-f3ec-956aeadd2fea,fbf4cd8c-0d8d-e2e2-0170-36644edfe095,469212006,Isolation gown  reusable (physical object),2
2020-03-19,6fe7b56b-57ac-7094-f3ec-956aeadd2fea,fbf4cd8c-0d8d-e2e2-0170-36644edfe095,469673003,Isolation gown  single-use (physical object),10
2020-03-19,6fe7b56b-57ac-7094-f3ec-956aeadd2fea,fbf4cd8c-0d8d-e2e2-0170-36644edfe095,409534002,Disposable air-purifying respirator (physical object),2
2020-03-19,6fe7b56b-57ac-7094-f3ec-956aeadd2fea,fbf4cd8c-0d8d-e2e2-0170-36644edfe095,706724001,Face shield (physical object),2
2020-03-19,6fe7b56b-57ac-7094-f3ec-956aeadd2fea,fbf4cd8c-0d8d-e2e2-0170-36644edfe095,419343004,Alcohol disinfectant (substance),2
2020-03-19,6fe7b56b-57ac-7094-f3ec-956aeadd2fea,fbf4cd8c-0d8d-e2e2-0170-36644edfe095,470618009,Antiseptic towelette (physical object),16
2020-03-20,6fe7b56b-57ac-7094-f3ec-956aeadd2fea,fbf4cd8c-0d8d-e2e2-0170-36644edfe095,713779008,Nitrile examination/treatment glove  non-powdered  sterile (physical object),44
2020-03-20,6fe7b56b-57ac-7094-f3ec-956aeadd2fea,fbf4cd8c-0d8d-e2e2-0170-36644edfe095,469212006,Isolation gown  reusable (physical object),2
2020-03-20,6fe7b56b-57ac-7094-f3ec-956aeadd2fea,fbf4cd8c-0d8d-e2e2-0170-36644edfe095,469673003,Isolation gown  single-use (physical object),10
2020-03-20,6fe7b56b-57ac-7094-f3ec-956aeadd2fea,fbf4cd8c-0d8d-e2e2-0170-36644edfe095,409534002,Disposable air-purifying respirator (physical object),2
2020-03-20,6fe7b56b-57ac-7094-f3ec-956aeadd2fea,fbf4cd8c-0d8d-e2e2-0170-36644edfe095,706724001,Face shield (physical object),2
2020-03-20,6fe7b56b-57ac-7094-f3ec-956aeadd2fea,fbf4cd8c-0d8d-e2e2-0170-36644edfe095,419343004,Alcohol disinfectant (substance),2
2020-03-20,6fe7b56b-57ac-7094-f3ec-956aeadd2fea,fbf4cd8c-0d8d-e2e2-0170-36644edfe095,470618009,Antiseptic towelette (physical object),16
2020-03-21,6fe7b56b-57ac-7094-f3ec-956aeadd2fea,fbf4cd8c-0d8d-e2e2-0170-36644edfe095,713779008,Nitrile examination/treatment glove  non-powdered  sterile (physical object),44
2020-03-21,6fe7b56b-57ac-7094-f3ec-956aeadd2fea,fbf4cd8c-0d8d-e2e2-0170-36644edfe095,469212006,Isolation gown  reusable (physical object),2
2020-03-21,6fe7b56b-57ac-7094-f3ec-956aeadd2fea,fbf4cd8c-0d8d-e2e2-0170-36644edfe095,469673003,Isolation gown  single-use (physical object),10
2020-03-21,6fe7b56b-57ac-7094-f3ec-956aeadd2fea,fbf4cd8c-0d8d-e2e2-0170-36644edfe095,409534002,Disposable air-purifying respirator (physical object),2
2020-03-21,6fe7b56b-57ac-7094-f3ec-956aeadd2fea,fbf4cd8c-0d8d-e2e2-0170-36644edfe095,706724001,Face shield (physical object),2
2020-03-21,6fe7b56b-57ac-7094-f3ec-956aeadd2fea,fbf4cd8c-0d8d-e2e2-0170-36644edfe095,419343004,Alcohol disinfectant (substance),2
2020-03-21,6fe7b56b-57ac-7094-f3ec-956aeadd2fea,fbf4cd8c-0d8d-e2e2-0170-36644edfe095,470618009,Antiseptic towelette (physical object),16
2020-03-22,6fe7b56b-57ac-7094-f3ec-956aeadd2fea,fbf4cd8c-0d8d-e2e2-0170-36644edfe095,713779008,Nitrile examination/treatment glove  non-powdered  sterile (physical object),44
2020-03-22,6fe7b56b-57ac-7094-f3ec-956aeadd2fea,fbf4cd8c-0d8d-e2e2-0170-36644edfe095,469212006,Isolation gown  reusable (physical object),2
2020-03-22,6fe7b56b-57ac-7094-f3ec-956aeadd2fea,fbf4cd8c-0d8d-e2e2-0170-36644edfe095,469673003,Isolation gown  single-use (physical object),10
2020-03-22,6fe7b56b-57ac-7094-f3ec-956aeadd2fea,fbf4cd8c-0d8d-e2e2-0170-36644edfe095,409534002,Disposable air-purifying respirator (physical object),2
2020-03-22,6fe7b56b-57ac-7094-f3ec-956aeadd2fea,fbf4cd8c-0d8d-e2e2-0170-36644edfe095,706724001,Face shield (physical object),2
2020-03-22,6fe7b56b-57ac-7094-f3ec-956aeadd2fea,fbf4cd8c-0d8d-e2e2-0170-36644edfe095,419343004,Alcohol disinfectant (substance),2
2020-03-22,6fe7b56b-57ac-7094-f3ec-956aeadd2fea,fbf4cd8c-0d8d-e2e2-0170-36644edfe095,470618009,Antiseptic towelette (physical object),16
2020-03-23,6fe7b56b-57ac-7094-f3ec-956aeadd2fea,fbf4cd8c-0d8d-e2e2-0170-36644edfe095,713779008,Nitrile examination/treatment glove  non-powdered  sterile (physical object),44
2020-03-23,6fe7b56b-57ac-7094-f3ec-956aeadd2fea,fbf4cd8c-0d8d-e2e2-0170-36644edfe095,469212006,Isolation gown  reusable (physical object),2
2020-03-23,6fe7b56b-57ac-7094-f3ec-956aeadd2fea,fbf4cd8c-0d8d-e2e2-0170-36644edfe095,469673003,Isolation gown  single-use (physical object),10
2020-03-23,6fe7b56b-57ac-7094-f3ec-956aeadd2fea,fbf4cd8c-0d8d-e2e2-0170-36644edfe095,409534002,Disposable air-purifying respirator (physical object),2
2020-03-23,6fe7b56b-57ac-7094-f3ec-956aeadd2fea,fbf4cd8c-0d8d-e2e2-0170-36644edfe095,706724001,Face shield (physical object),2
2020-03-23,6fe7b56b-57ac-7094-f3ec-956aeadd2fea,fbf4cd8c-0d8d-e2e2-0170-36644edfe095,419343004,Alcohol disinfectant (substance),2
2020-03-23,6fe7b56b-57ac-7094-f3ec-956aeadd2fea,fbf4cd8c-0d8d-e2e2-0170-36644edfe095,470618009,Antiseptic towelette (physical object),16
